City_ID,City,Country,Date,Lat,Lng,Max Temp,Humidity,Cloudiness,Wind Speed
0,Cape Town,ZA,2021-01-31 21:20:23,-33.9258,18.4232,68.0,88,75,17.27
1,Ust-Kuyga,RU,2021-01-31 21:24:29,70.0167,135.6,-38.15,80,93,4.52
2,Port Hawkesbury,CA,2021-01-31 21:24:30,45.6169,-61.3485,32.0,80,75,5.75
3,Tapayan,PH,2021-01-31 21:24:30,7.2944,124.2661,74.48,85,100,2.37
4,Bambous Virieux,MU,2021-01-31 21:23:21,-20.3428,57.7575,81.0,74,40,14.97
5,Mataura,NZ,2021-01-31 21:24:30,-46.1927,168.8643,64.99,55,63,2.19
6,Bandarbeyla,SO,2021-01-31 21:24:30,9.4942,50.8122,73.09,70,19,17.67
7,Bluff,NZ,2021-01-31 21:24:30,-46.6,168.3333,58.53,75,49,2.62
8,Calamar,CO,2021-01-31 21:24:30,10.2511,-74.9146,87.8,66,0,13.8
9,Wajid,SO,2021-01-31 21:24:30,3.8093,43.2471,76.03,33,12,10.92
10,Rio Grande,BR,2021-01-31 21:23:27,-32.035,-52.0986,80.6,78,75,8.05
11,Busselton,AU,2021-01-31 21:24:31,-33.65,115.3333,62.01,84,0,4.0
12,Rikitea,PF,2021-01-31 21:21:21,-23.1203,-134.9692,79.07,64,11,8.41
13,Qaqortoq,GL,2021-01-31 21:24:31,60.7167,-46.0333,41.0,30,75,20.71
14,Butaritari,KI,2021-01-31 21:24:31,3.0707,172.7902,80.53,83,57,14.36
15,Minab,IR,2021-01-31 21:24:31,27.1467,57.0801,59.0,72,0,2.3
16,Chokurdakh,RU,2021-01-31 21:24:31,70.6333,147.9167,-24.7,86,74,12.44
17,Ushuaia,AR,2021-01-31 21:21:25,-54.8,-68.3,53.6,62,75,8.68
18,Nagram,IN,2021-01-31 21:24:32,26.6167,81.1333,50.0,87,0,1.61
19,Orodara,BF,2021-01-31 21:24:32,10.9492,-4.9342,78.8,34,72,5.75
20,Ballina,AU,2021-01-31 21:24:32,-28.8667,153.5667,77.0,65,40,9.22
21,Kapaa,US,2021-01-31 21:24:32,22.0752,-159.319,75.2,73,40,14.97
22,Marquette,US,2021-01-31 21:22:50,46.5333,-87.6335,28.0,75,100,6.71
23,Khandyga,RU,2021-01-31 21:24:32,62.6667,135.6,-52.08,76,77,1.41
24,Balaipungut,ID,2021-01-31 21:24:33,1.05,101.2833,72.3,96,100,0.72
25,Capinota,BO,2021-01-31 21:24:33,-17.7167,-66.2333,71.6,33,75,17.27
26,Mahebourg,MU,2021-01-31 21:24:33,-20.4081,57.7,80.6,74,40,14.97
27,Jalu,LY,2021-01-31 21:24:33,29.0331,21.5482,63.28,28,0,12.35
28,Acapulco,MX,2021-01-31 21:22:20,16.8634,-99.8901,86.0,66,20,6.91
29,East London,ZA,2021-01-31 21:24:33,-33.0153,27.9116,75.13,80,43,16.58
30,Albany,US,2021-01-31 21:24:34,42.6001,-73.9662,18.0,47,100,1.92
31,Nanortalik,GL,2021-01-31 21:23:19,60.1432,-45.2371,31.71,92,100,7.2
32,Punta Arenas,CL,2021-01-31 21:22:08,-53.15,-70.9167,57.2,54,0,28.77
33,Hilo,US,2021-01-31 21:24:34,19.7297,-155.09,75.2,64,75,6.17
34,Waingapu,ID,2021-01-31 21:24:34,-9.6567,120.2641,77.54,84,100,9.95
35,Upernavik,GL,2021-01-31 21:24:34,72.7868,-56.1549,1.29,92,100,8.01
36,Vangaindrano,MG,2021-01-31 21:24:34,-23.35,47.6,77.11,90,100,5.19
37,Nakanojo,JP,2021-01-31 21:24:35,36.5833,138.85,26.01,54,0,5.01
38,Puerto Narino,CO,2021-01-31 21:24:35,-3.7703,-70.3831,84.2,84,75,6.91
39,Kosh-Agach,RU,2021-01-31 21:24:35,50.0,88.6667,-8.39,75,26,0.47
40,Leningradskiy,RU,2021-01-31 21:24:35,69.3833,178.4167,-21.37,86,97,9.89
41,Barrow,US,2021-01-31 21:24:35,71.2906,-156.7887,-20.2,69,75,9.22
42,Chapleau,CA,2021-01-31 21:24:35,47.8405,-83.4034,14.0,52,40,6.91
43,Khudumelapye,BW,2021-01-31 21:24:36,-23.8833,24.75,68.63,88,100,3.15
44,Puerto Ayora,EC,2021-01-31 21:24:36,-0.7393,-90.3518,86.0,62,0,12.66
45,Vaini,TO,2021-01-31 21:24:36,-21.2,-175.2,75.2,94,90,6.91
46,Thayetmyo,MM,2021-01-31 21:24:36,19.3167,95.1833,61.57,59,8,0.96
47,Saint-Francois,FR,2021-01-31 21:24:37,46.4154,3.9054,48.2,93,90,6.91
48,Castro,BR,2021-01-31 21:24:37,-24.7911,-50.0119,69.84,89,99,5.1
49,Coquimbo,CL,2021-01-31 21:24:02,-29.9533,-71.3436,68.0,83,75,12.66
50,Qaanaaq,GL,2021-01-31 21:24:38,77.484,-69.3632,-3.73,89,100,0.98
51,Ziro,IN,2021-01-31 21:24:26,27.6333,93.8333,32.13,100,0,2.68
52,Gat,IL,2021-01-31 21:24:38,31.61,34.7642,55.0,87,0,2.3
53,Lata,PT,2021-01-31 21:24:38,40.1629,-8.3327,57.99,93,72,9.73
54,Murmashi,RU,2021-01-31 21:24:38,68.8154,32.8115,-0.4,85,75,1.05
55,Jamestown,US,2021-01-31 21:21:28,42.097,-79.2353,32.0,74,90,13.8
56,Airai,TL,2021-01-31 21:23:49,-8.9266,125.4092,61.39,100,100,4.03
57,Luderitz,NA,2021-01-31 21:23:47,-26.6481,15.1594,66.6,68,1,20.78
58,Alta Floresta,BR,2021-01-31 21:24:39,-9.8756,-56.0861,73.4,100,40,3.44
59,Hermanus,ZA,2021-01-31 21:21:28,-34.4187,19.2345,64.0,88,100,16.42
60,Ribeira Grande,PT,2021-01-31 21:24:39,38.5167,-28.7,64.4,82,75,17.27
61,Alofi,NU,2021-01-31 21:24:39,-19.0595,-169.9187,82.4,78,75,14.97
62,Umm Kaddadah,SD,2021-01-31 21:24:39,13.6017,26.6876,67.66,21,0,12.57
63,Kapustin Yar,RU,2021-01-31 21:24:40,48.5831,45.7372,34.09,93,98,9.57
64,Mao,ES,2021-01-31 21:24:40,39.8885,4.2658,55.4,88,0,6.91
65,Port Alfred,ZA,2021-01-31 21:24:40,-33.5906,26.891,72.0,83,9,5.01
66,Lebu,CL,2021-01-31 21:24:40,-37.6167,-73.65,60.6,78,2,16.69
67,Tiksi,RU,2021-01-31 21:24:40,71.6872,128.8694,-26.9,86,100,6.67
68,Saint-Joseph,RE,2021-01-31 21:24:41,-21.3667,55.6167,80.6,69,0,11.5
69,Makakilo City,US,2021-01-31 21:24:41,21.3469,-158.0858,80.6,54,40,10.36
70,Lixourion,GR,2021-01-31 21:24:41,38.2019,20.4314,60.8,94,75,16.11
71,Chuy,UY,2021-01-31 21:24:41,-33.6971,-53.4616,69.15,86,100,17.67
72,Kupino,RU,2021-01-31 21:24:41,54.3663,77.2981,0.9,88,99,7.7
73,Shimoda,JP,2021-01-31 21:24:41,34.6667,138.95,37.0,66,82,1.01
74,Kaitangata,NZ,2021-01-31 21:23:24,-46.2817,169.8464,59.25,72,99,2.35
75,Cabo San Lucas,MX,2021-01-31 21:19:42,22.8909,-109.9124,78.01,60,90,13.8
76,Van,TR,2021-01-31 21:24:42,38.4924,43.3831,33.8,80,75,3.44
77,Abu Dhabi,AE,2021-01-31 21:24:24,24.4667,54.3667,66.2,77,0,8.05
78,Iqaluit,CA,2021-01-31 21:21:43,63.7506,-68.5145,-2.2,78,90,4.61
79,Key West,US,2021-01-31 21:24:20,24.5557,-81.7826,75.2,64,40,8.05
80,Hornepayne,CA,2021-01-31 21:24:42,49.2138,-84.7705,14.14,94,99,5.08
81,Arraial Do Cabo,BR,2021-01-31 21:24:42,-22.9661,-42.0278,80.6,73,40,14.97
82,Yellowknife,CA,2021-01-31 21:24:42,62.456,-114.3525,-4.0,77,90,3.44
83,Bethel,US,2021-01-31 21:24:43,41.3712,-73.414,23.0,50,90,3.53
84,Taoudenni,ML,2021-01-31 21:24:43,22.6783,-3.9836,72.66,19,0,9.4
85,Saint-Philippe,RE,2021-01-31 21:24:37,-21.3585,55.7679,80.6,69,0,11.5
86,Thompson,CA,2021-01-31 21:21:49,55.7435,-97.8558,14.0,79,40,4.61
87,Leshukonskoye,RU,2021-01-31 21:24:43,64.8989,45.7622,14.79,97,100,5.95
88,Manzanillo,CU,2021-01-31 21:24:44,20.3433,-77.1167,85.44,43,19,3.44
89,Fortuna,US,2021-01-31 21:24:44,40.5982,-124.1573,55.0,100,20,19.57
90,Nosy Varika,MG,2021-01-31 21:24:44,-20.5833,48.5333,78.42,85,63,4.52
91,Tuktoyaktuk,CA,2021-01-31 21:24:44,69.4541,-133.0374,-23.8,69,75,1.43
92,Xiaoshi,CN,2021-01-31 21:24:44,41.2971,124.1209,23.0,86,90,13.42
93,Hobart,AU,2021-01-31 21:20:32,-42.8794,147.3294,62.6,67,0,8.05
94,Saskylakh,RU,2021-01-31 21:24:45,71.9167,114.0833,-30.69,83,73,7.85
95,Avarua,CK,2021-01-31 21:24:45,-21.2078,-159.775,82.4,74,90,5.75
96,Ribeira Brava,PT,2021-01-31 21:23:48,32.65,-17.0667,57.0,77,0,1.21
97,Victoria,HK,2021-01-31 21:20:07,22.2855,114.1577,64.99,80,25,10.18
98,Hambantota,LK,2021-01-31 21:24:45,6.1241,81.1185,76.91,82,53,13.2
99,Xiongyue,CN,2021-01-31 21:24:45,40.1774,122.1228,26.42,95,0,6.73
100,Conway,US,2021-01-31 21:21:10,35.0887,-92.4421,44.6,70,90,12.66
101,Paamiut,GL,2021-01-31 21:24:46,61.994,-49.6678,23.52,90,0,12.75
102,Jiayuguan,CN,2021-01-31 21:24:46,39.8167,98.3,19.38,70,0,1.66
103,Georgetown,MY,2021-01-31 21:20:41,5.4112,100.3354,79.0,83,20,4.61
104,Namibe,AO,2021-01-31 21:24:46,-15.1961,12.1522,74.05,73,100,7.02
105,Mandera,KE,2021-01-31 21:24:46,3.9366,41.867,81.95,24,38,11.16
106,San Vicente,AR,2021-01-31 21:24:47,-26.6167,-54.1333,70.11,96,100,4.68
107,Katsuura,JP,2021-01-31 21:24:47,35.1333,140.3,39.2,48,75,8.05
108,Kavieng,PG,2021-01-31 21:24:47,-2.5744,150.7967,83.05,81,100,11.34
109,Colares,PT,2021-01-31 21:24:35,38.7992,-9.4469,60.01,98,94,16.15
110,Pevek,RU,2021-01-31 21:23:42,69.7008,170.3133,-26.99,85,100,1.45
111,Bilibino,RU,2021-01-31 21:24:47,68.0546,166.4372,-15.14,82,100,8.46
112,Oostburg,US,2021-01-31 21:24:47,43.6228,-87.7945,30.2,86,90,13.8
113,Narsaq,GL,2021-01-31 21:24:48,60.9167,-46.05,41.0,30,75,20.71
114,Atuona,PF,2021-01-31 21:23:20,-9.8,-139.0333,78.64,76,92,18.86
115,Clyde River,CA,2021-01-31 21:24:48,70.4692,-68.5914,-7.6,71,90,6.91
116,Brodokalmak,RU,2021-01-31 21:24:48,55.5748,62.082,5.0,92,0,2.24
117,San Javier,ES,2021-01-31 21:24:48,37.8063,-0.8374,61.0,76,20,3.44
118,Provideniya,RU,2021-01-31 21:24:48,64.3833,-173.3,5.0,92,90,22.37
119,Hamilton,US,2021-01-31 21:22:43,39.1834,-84.5333,39.2,100,90,4.61
120,Samarai,PG,2021-01-31 21:24:49,-10.6167,150.6667,81.99,76,57,13.35
121,Hovd,MN,2021-01-31 21:24:49,48.0056,91.6419,3.34,88,36,2.39
122,Hwange,ZW,2021-01-31 21:24:49,-18.3693,26.5019,70.59,92,90,1.39
123,Babu,CN,2021-01-31 21:24:49,24.4167,111.5167,61.56,53,49,2.84
124,Rehoboth,NA,2021-01-31 21:24:49,-23.3167,17.0833,76.39,26,0,9.26
125,Isangel,VU,2021-01-31 21:24:49,-19.55,169.2667,78.8,94,90,17.38
126,Pangai,TO,2021-01-31 21:24:49,-19.8,-174.35,80.6,89,90,6.91
127,Cidreira,BR,2021-01-31 21:24:49,-30.1811,-50.2056,78.51,89,100,2.82
128,Mombasa,KE,2021-01-31 21:24:50,-4.0547,39.6636,80.6,74,20,6.91
129,Klaksvik,FO,2021-01-31 21:24:50,62.2266,-6.589,26.6,80,90,3.44
130,Gambo,CF,2021-01-31 21:24:50,4.6482,22.2633,72.0,35,5,1.34
131,Reserva,BR,2021-01-31 21:24:50,-24.6503,-50.8506,66.52,100,100,2.42
132,Vavozh,RU,2021-01-31 21:24:50,56.7751,51.931,29.3,93,100,21.32
133,Brae,GB,2021-01-31 21:24:50,60.3964,-1.353,32.0,93,75,10.36
134,Pingshan,CN,2021-01-31 21:24:50,22.9938,114.7131,63.0,79,0,2.39
135,Bull Savanna,JM,2021-01-31 21:24:51,17.8868,-77.5902,79.2,68,14,17.92
136,Smithers,CA,2021-01-31 21:24:51,54.7804,-127.1743,24.8,86,40,4.61
137,Kamaishi,JP,2021-01-31 21:24:51,39.2667,141.8833,25.93,90,78,5.26
138,Dingle,PH,2021-01-31 21:24:51,10.9995,122.6711,72.21,91,82,8.25
139,Praia Da Vitoria,PT,2021-01-31 21:24:51,38.7333,-27.0667,64.4,82,40,23.4
140,Nha Trang,VN,2021-01-31 21:24:51,12.25,109.1833,71.6,73,20,4.61
141,Oistins,BB,2021-01-31 21:21:09,13.0667,-59.5333,80.6,61,40,20.71
142,Sept-Iles,CA,2021-01-31 21:24:51,50.2001,-66.3821,26.6,59,88,5.75
143,Grindavik,IS,2021-01-31 21:24:52,63.8424,-22.4338,30.2,74,0,11.5
144,Bredasdorp,ZA,2021-01-31 21:24:52,-34.5322,20.0403,64.0,88,100,17.18
145,General Roca,AR,2021-01-31 21:24:52,-39.0333,-67.5833,71.6,46,40,5.75
146,Rabat,MA,2021-01-31 21:23:51,33.9911,-6.8401,57.99,100,20,3.22
147,Panjakent,TJ,2021-01-31 21:24:52,39.4952,67.6093,44.6,93,75,4.61
148,Salalah,OM,2021-01-31 21:24:52,17.0151,54.0924,69.8,64,0,4.61
149,Farah,AF,2021-01-31 21:24:52,32.5,62.5,46.44,50,0,2.1
150,Buraydah,SA,2021-01-31 21:22:27,26.326,43.975,59.0,55,0,2.3
151,Birao,CF,2021-01-31 21:24:53,10.2849,22.7882,75.09,19,0,6.06
152,Kuito,AO,2021-01-31 21:24:53,-12.3833,16.9333,62.31,91,100,4.54
153,Santa Comba,ES,2021-01-31 21:24:53,43.0331,-8.8093,57.99,71,97,8.01
154,Jiran,IN,2021-01-31 21:24:53,24.3167,74.8833,56.66,34,0,4.79
155,Dawei,MM,2021-01-31 21:23:10,14.0833,98.2,70.88,71,0,3.58
156,Bengkulu,ID,2021-01-31 21:24:53,-3.8004,102.2655,74.97,83,88,5.12
157,Lorengau,PG,2021-01-31 21:23:30,-2.0226,147.2712,82.85,80,70,11.43
158,Iskateley,RU,2021-01-31 21:24:54,67.6803,53.1512,5.61,95,88,8.63
159,Kabinda,CD,2021-01-31 21:24:54,-6.1333,24.4833,68.68,95,100,4.16
160,Udachnyy,RU,2021-01-31 21:24:54,66.4167,112.4,-40.68,79,99,7.78
161,Songjianghe,CN,2021-01-31 21:24:54,42.1859,127.479,20.66,97,67,6.82
162,Tokmak,UA,2021-01-31 21:24:54,47.2514,35.7058,37.98,76,99,7.34
163,Krasnaya Gora,RU,2021-01-31 21:24:54,52.9995,31.6023,23.0,80,0,11.18
164,Mar Del Plata,AR,2021-01-31 21:21:27,-38.0023,-57.5575,64.4,68,75,13.8
165,Darnah,LY,2021-01-31 21:22:06,32.767,22.6367,64.17,47,0,19.17
166,Sao Joao Da Barra,BR,2021-01-31 21:23:22,-21.6403,-41.0511,82.4,65,0,23.02
167,Anadyr,RU,2021-01-31 21:24:55,64.75,177.4833,5.0,85,90,51.45
168,Boyuibe,BO,2021-01-31 21:24:55,-20.4167,-63.2833,78.8,69,75,7.56
169,Longyearbyen,SJ,2021-01-31 21:24:55,78.2186,15.6401,-0.4,55,0,14.97
170,Warrnambool,AU,2021-01-31 21:24:55,-38.3833,142.4833,53.01,95,100,7.7
171,Gillette,US,2021-01-31 21:24:55,44.2911,-105.5022,46.99,23,1,10.36
172,Kurchum,KZ,2021-01-31 21:24:56,48.5722,83.6542,-0.18,86,79,2.98
173,Port Hardy,CA,2021-01-31 21:24:56,50.6996,-127.4199,42.8,81,75,2.3
174,Rantepao,ID,2021-01-31 21:24:56,-2.9701,119.8978,66.0,81,100,2.57
175,Mae Hong Son,TH,2021-01-31 21:24:56,19.3003,97.9685,63.59,72,0,1.25
176,Alekseyevka,RU,2021-01-31 21:24:56,50.6309,38.6903,21.24,96,59,7.4
177,Mayna,RU,2021-01-31 21:24:56,54.1135,47.6231,28.72,96,100,19.53
178,Vozhega,RU,2021-01-31 21:24:56,60.4725,40.2213,17.6,98,100,3.02
179,Sao Felix Do Xingu,BR,2021-01-31 21:24:56,-6.6447,-51.995,81.68,82,31,2.26
180,Saldanha,ZA,2021-01-31 21:20:05,-33.0117,17.9442,66.54,86,92,13.42
181,Igarka,RU,2021-01-31 21:24:57,67.4667,86.5833,-16.42,87,100,17.31
182,San Cristobal,VE,2021-01-31 21:23:54,7.7669,-72.225,87.8,48,40,6.91
183,Norman Wells,CA,2021-01-31 21:24:57,65.282,-126.8329,-18.4,69,75,6.91
184,Port Elizabeth,ZA,2021-01-31 21:24:57,-33.918,25.5701,71.6,78,90,14.97
185,Maceio,BR,2021-01-31 21:24:29,-9.6658,-35.7353,78.8,83,40,9.22
186,Nikolskoye,RU,2021-01-31 21:24:58,59.7035,30.7861,25.0,93,90,6.71
187,Kavaratti,IN,2021-01-31 21:24:58,10.5669,72.642,81.27,72,0,9.19
188,Henties Bay,NA,2021-01-31 21:24:58,-22.116,14.2845,68.0,82,69,6.04
189,Chihuahua,MX,2021-01-31 21:21:33,28.5,-106.0,62.6,19,40,9.22
190,Broken Hill,AU,2021-01-31 21:24:58,-31.95,141.4333,71.6,35,62,6.91
191,Korla,CN,2021-01-31 21:24:58,41.7597,86.1469,20.7,83,66,1.99
192,Tasiilaq,GL,2021-01-31 21:24:58,65.6145,-37.6368,12.2,57,75,1.14
193,Ileza,RU,2021-01-31 21:24:59,61.0533,43.9002,21.63,98,100,4.85
194,Iralaya,HN,2021-01-31 21:24:59,15.0,-83.2333,84.2,78,40,9.22
195,Coahuayana,MX,2021-01-31 21:24:59,18.7333,-103.6833,86.0,48,1,7.16
196,Sundsvall,SE,2021-01-31 21:24:59,62.3913,17.3063,12.99,85,90,5.75
197,Okmulgee,US,2021-01-31 21:24:59,35.6234,-95.9605,46.4,57,40,14.97
198,Pitimbu,BR,2021-01-31 21:24:59,-7.4706,-34.8086,80.6,78,20,12.66
199,Shirokiy,RU,2021-01-31 21:24:59,49.758,129.523,-19.53,86,100,10.49
200,Karratha,AU,2021-01-31 21:25:00,-20.7377,116.8463,85.91,54,99,13.42
201,Gamba,GA,2021-01-31 21:25:00,-2.65,10.0,78.62,87,100,3.38
202,Baruun-Urt,MN,2021-01-31 21:25:00,46.6806,113.2792,-16.71,88,94,5.46
203,Hofn,IS,2021-01-31 21:25:00,64.2539,-15.2082,26.74,77,17,9.31
204,Nioro,GM,2021-01-31 21:25:00,13.35,-15.75,83.77,13,65,8.19
205,Vao,NC,2021-01-31 21:23:45,-22.6667,167.4833,75.94,74,100,24.25
206,Masuguru,TZ,2021-01-31 21:25:00,-11.3667,38.4167,73.4,95,100,5.19
207,Khatanga,RU,2021-01-31 21:23:39,71.9667,102.5,-41.6,80,34,7.4
208,Ambovombe,MG,2021-01-31 21:25:01,-25.1667,46.0833,79.38,79,4,5.46
209,Port Hedland,AU,2021-01-31 21:25:01,-20.3167,118.5667,77.0,88,90,20.71
210,Urla,TR,2021-01-31 21:25:01,38.3229,26.764,62.6,81,75,6.91
211,Sivas,TR,2021-01-31 21:24:30,39.7916,37.0019,21.2,93,40,11.5
212,Waitati,NZ,2021-01-31 21:23:50,-45.75,170.5667,66.0,60,100,5.01
213,Richards Bay,ZA,2021-01-31 21:25:02,-28.783,32.0377,80.64,80,99,9.13
214,Egvekinot,RU,2021-01-31 21:25:02,66.3167,-179.1667,-12.6,87,100,17.65
215,Ixtapa,MX,2021-01-31 21:25:02,20.7,-105.2,75.2,69,1,11.5
216,Gorontalo,ID,2021-01-31 21:23:33,0.5412,123.0595,74.79,87,100,3.98
217,Neuquen,AR,2021-01-31 21:25:02,-38.9516,-68.0591,71.6,46,40,5.75
218,Road Town,VG,2021-01-31 21:25:03,18.4167,-64.6167,79.0,78,40,13.8
219,Constitucion,CL,2021-01-31 21:20:56,-35.3333,-72.4167,64.31,72,14,12.3
220,Tocopilla,CL,2021-01-31 21:25:03,-22.092,-70.1979,74.14,50,14,11.16
221,Cherskiy,RU,2021-01-31 21:24:45,68.75,161.3,-16.37,82,96,6.26
222,Yeppoon,AU,2021-01-31 21:25:04,-23.1333,150.7333,75.2,78,90,8.05
223,Bataipora,BR,2021-01-31 21:25:04,-22.2953,-53.2711,81.66,78,96,4.16
224,Deputatskiy,RU,2021-01-31 21:25:04,69.3,139.9,-32.66,86,95,1.74
225,Thunder Bay,CA,2021-01-31 21:25:04,48.4001,-89.3168,30.0,86,90,10.36
226,Guerrero Negro,MX,2021-01-31 21:23:39,27.9769,-114.0611,69.76,31,82,7.99
227,Nacala,MZ,2021-01-31 21:25:04,-14.5428,40.6728,80.2,81,100,8.59
228,Mana,GF,2021-01-31 21:25:05,5.6592,-53.7767,78.75,78,22,13.33
229,Boden,SE,2021-01-31 21:25:05,65.8252,21.6886,15.8,92,90,5.75
230,Eenhana,NA,2021-01-31 21:21:13,-17.4667,16.3333,73.4,73,100,8.05
231,Wewak,PG,2021-01-31 21:25:05,-3.5534,143.6268,77.0,92,100,7.25
232,Palmer,US,2021-01-31 21:25:05,42.1584,-72.3287,23.0,45,75,5.75
233,Mancio Lima,BR,2021-01-31 21:25:05,-7.6142,-72.8958,82.4,83,75,3.44
234,Dikson,RU,2021-01-31 21:25:06,73.5069,80.5464,-27.11,78,65,9.04
235,Muroto,JP,2021-01-31 21:25:06,33.2833,134.15,41.0,87,75,8.05
236,Belmonte,BR,2021-01-31 21:25:06,-15.8631,-38.8828,82.4,78,75,3.44
237,Alta,NO,2021-01-31 21:25:06,69.9689,23.2717,24.01,86,20,9.57
238,Javornik,CZ,2021-01-31 21:25:06,50.3908,17.0027,17.01,63,68,1.99
239,Viedma,AR,2021-01-31 21:25:07,-40.8135,-62.9967,75.99,44,96,1.01
240,Sembe,CG,2021-01-31 21:25:07,1.6481,14.5806,72.9,86,96,0.85
241,Touros,BR,2021-01-31 21:25:07,-5.1989,-35.4608,80.6,74,20,10.36
242,Faya,SA,2021-01-31 21:25:07,18.3851,42.4509,59.0,50,0,4.61
243,Florianopolis,BR,2021-01-31 21:25:07,-27.6146,-48.5012,82.99,73,75,8.05
244,Ponta Delgada,PT,2021-01-31 21:22:15,37.7333,-25.6667,63.0,94,75,14.97
245,Meru,KE,2021-01-31 21:25:07,0.0463,37.6559,58.42,58,100,4.16
246,Sur,OM,2021-01-31 21:24:27,22.5667,59.5289,69.01,57,0,3.78
247,Guabito,PA,2021-01-31 21:23:10,9.5,-82.6167,78.8,78,0,6.17
248,Podsineye,RU,2021-01-31 21:25:08,53.6658,91.5364,-22.0,76,64,0.45
249,Saint George,US,2021-01-31 21:21:01,37.1041,-113.5841,55.99,53,1,3.8
250,Hithadhoo,MV,2021-01-31 21:25:04,-0.6,73.0833,82.4,76,69,12.84
251,Irbil,IQ,2021-01-31 21:25:08,36.1926,44.0106,44.6,87,40,6.91
252,Mugango,TZ,2021-01-31 21:25:08,-1.6833,33.7,69.85,77,99,6.82
253,Zhigansk,RU,2021-01-31 21:25:08,66.7697,123.3711,-45.51,76,42,1.05
254,Bonthe,SL,2021-01-31 21:25:08,7.5264,-12.505,78.64,83,2,9.19
255,Caravelas,BR,2021-01-31 21:25:09,-17.7125,-39.2481,78.21,77,82,7.45
256,Herat,AF,2021-01-31 21:25:09,34.5,62.0,45.7,49,92,4.29
257,Asyut,EG,2021-01-31 21:25:09,27.181,31.1837,55.4,62,0,9.22
258,Lagoa,PT,2021-01-31 21:25:09,39.05,-27.9833,62.1,84,100,25.32
259,Bakel,SN,2021-01-31 21:25:09,14.905,-12.4568,79.07,14,20,10.18
260,San,ML,2021-01-31 21:25:09,13.3034,-4.8956,79.23,15,100,7.9
261,Newport,GB,2021-01-31 21:25:10,51.5877,-2.9984,37.0,97,100,1.01
262,Linhares,BR,2021-01-31 21:24:21,-19.3911,-40.0722,78.58,74,29,7.25
263,Turayf,SA,2021-01-31 21:25:10,31.6725,38.6637,46.4,93,0,4.61
264,Skjervoy,NO,2021-01-31 21:22:17,70.0311,20.9714,28.4,69,40,9.22
265,Monrovia,LR,2021-01-31 21:25:10,6.3005,-10.7969,78.8,94,75,9.62
266,Ilulissat,GL,2021-01-31 21:20:33,69.2167,-51.1,6.8,51,85,12.66
267,Maragogi,BR,2021-01-31 21:25:10,-9.0122,-35.2225,79.03,75,39,8.59
268,Kodiak,US,2021-01-31 21:23:57,57.79,-152.4072,32.0,40,1,4.61
269,Mahajanga,MG,2021-01-31 21:25:11,-15.7167,46.3167,78.8,94,20,1.14
270,Esperance,AU,2021-01-31 21:23:28,-33.8667,121.9,57.2,94,25,6.91
271,Santa Maria,BR,2021-01-31 21:23:37,-29.6842,-53.8069,77.0,83,75,6.91
272,Sorland,NO,2021-01-31 21:22:11,67.667,12.6934,19.4,86,0,3.44
273,Banda Aceh,ID,2021-01-31 21:25:03,5.5577,95.3222,77.13,82,59,12.88
274,Ponta Do Sol,PT,2021-01-31 21:25:12,32.6667,-17.1,57.0,74,0,1.99
275,Stornoway,GB,2021-01-31 21:25:12,58.2093,-6.3865,35.6,75,100,6.91
276,Eyl,SO,2021-01-31 21:25:12,7.9803,49.8164,72.64,74,7,13.89
277,Camacha,PT,2021-01-31 21:25:12,33.0833,-16.3333,60.8,82,40,6.91
278,Shakawe,BW,2021-01-31 21:24:26,-18.3667,21.85,70.32,88,100,3.18
279,Kargasok,RU,2021-01-31 21:25:12,59.0556,80.8572,-13.07,88,100,7.94
280,Gayeri,BF,2021-01-31 21:25:12,12.6497,0.4931,75.79,16,21,9.37
281,Codrington,AU,2021-01-31 21:25:13,-38.2667,141.9667,55.54,79,100,4.61
282,Belaya Gora,RU,2021-01-31 21:25:13,68.5333,146.4167,-28.66,85,100,4.09
283,Port Lincoln,AU,2021-01-31 21:24:42,-34.7333,135.8667,61.52,79,100,12.82
284,Pacific Grove,US,2021-01-31 21:23:19,36.6177,-121.9166,57.99,67,1,4.61
285,Bathsheba,BB,2021-01-31 21:25:13,13.2167,-59.5167,80.6,61,40,20.71
286,Carnarvon,AU,2021-01-31 21:23:23,-24.8667,113.6333,82.4,44,81,10.36
287,Itarema,BR,2021-01-31 21:25:14,-2.9248,-39.9167,81.05,78,0,15.9
288,Yangambi,CD,2021-01-31 21:25:14,0.8102,24.4336,72.55,68,30,2.37
289,Bubaque,GW,2021-01-31 21:25:14,11.2833,-15.8333,79.2,70,96,12.33
290,Nador,MA,2021-01-31 21:24:51,35.174,-2.9287,62.6,72,0,16.11
291,Elgin,US,2021-01-31 21:25:14,42.0373,-88.2812,32.0,93,90,8.05
292,Faanui,PF,2021-01-31 21:23:34,-16.4833,-151.75,81.18,77,96,10.89
293,Pierre,US,2021-01-31 21:25:15,44.3683,-100.351,39.2,65,1,5.75
294,Dicabisagan,PH,2021-01-31 21:25:15,17.0818,122.4157,71.64,82,93,7.4
295,Namatanai,PG,2021-01-31 21:25:15,-3.6667,152.4333,81.36,71,98,3.29
296,Haines Junction,CA,2021-01-31 21:25:15,60.7522,-137.5108,-4.0,77,84,1.14
297,San Patricio,US,2021-01-31 21:23:45,28.017,-97.5169,82.4,17,1,16.11
298,Harlingen,US,2021-01-31 21:25:14,26.1906,-97.6961,81.0,25,90,16.11
299,Xochistlahuaca,MX,2021-01-31 21:25:15,16.7833,-98.25,91.98,34,7,10.4
300,Verkhoturye,RU,2021-01-31 21:25:16,58.8627,60.8054,17.1,97,100,7.47
301,Riyadh,SA,2021-01-31 21:24:38,24.6877,46.7219,59.0,33,0,3.44
302,Comodoro Rivadavia,AR,2021-01-31 21:25:16,-45.8667,-67.5,73.4,49,40,24.16
303,Lewiston,US,2021-01-31 21:25:16,44.1003,-70.2148,30.2,29,1,1.39
304,Vanavara,RU,2021-01-31 21:25:16,60.34,102.2797,-39.06,81,32,4.38
305,Hendek,TR,2021-01-31 21:25:16,40.7994,30.7481,51.8,66,0,9.22
306,Gigmoto,PH,2021-01-31 21:25:17,13.7796,124.39,76.15,83,96,13.51
307,Sapernoye,RU,2021-01-31 21:25:17,60.7167,29.9505,24.01,98,100,4.21
308,Santa Rosa,PH,2021-01-31 21:23:25,14.3122,121.1114,75.2,78,75,3.44
309,Los Llanos De Aridane,ES,2021-01-31 21:24:28,28.6585,-17.9182,64.4,82,20,11.5
310,Chapais,CA,2021-01-31 21:24:18,49.7834,-74.8492,3.2,66,1,2.3
311,Adrar,MR,2021-01-31 21:25:17,20.5022,-10.0711,71.1,20,26,8.59
312,Ngunguru,NZ,2021-01-31 21:25:17,-35.6167,174.5,73.0,56,0,5.01
313,Ahipara,NZ,2021-01-31 21:25:17,-35.1667,173.1667,67.96,58,0,5.26
314,Igrim,RU,2021-01-31 21:25:18,63.1906,64.4162,-1.86,92,100,5.97
315,Barmer,IN,2021-01-31 21:25:18,25.75,71.3833,57.47,32,0,2.86
316,Aklavik,CA,2021-01-31 21:25:18,68.2191,-135.0107,-13.0,77,90,10.36
317,Golden Gate,US,2021-01-31 21:25:18,26.1879,-81.6951,72.0,83,90,11.5
318,Batemans Bay,AU,2021-01-31 21:25:18,-35.7167,150.1833,66.0,94,91,1.99
319,Kaduna,NG,2021-01-31 21:25:18,10.5222,7.4383,74.8,19,18,6.33
320,Nhulunbuy,AU,2021-01-31 21:25:18,-12.2333,136.7667,78.8,89,52,5.75
321,Nouadhibou,MR,2021-01-31 21:25:18,20.931,-17.0347,66.2,77,0,17.27
322,Dali,CN,2021-01-31 21:25:19,25.7,100.1833,39.54,78,17,2.82
323,Jiaojiang,CN,2021-01-31 21:22:29,28.6803,121.4428,59.0,93,98,3.49
324,Aquiraz,BR,2021-01-31 21:25:19,-3.9014,-38.3911,82.4,78,20,10.36
325,Windhoek,NA,2021-01-31 21:21:57,-22.5594,17.0832,72.0,44,9,1.01
326,Ler,SS,2021-01-31 21:25:19,8.3018,30.1418,80.26,22,0,6.24
327,Broome,US,2021-01-31 21:24:25,42.2506,-75.833,26.01,67,100,1.99
328,Turbat,PK,2021-01-31 21:25:20,26.0023,63.044,58.8,88,0,0.92
329,Swinoujscie,PL,2021-01-31 21:25:20,53.9105,14.2471,28.99,89,5,1.01
330,Andros Town,BS,2021-01-31 21:25:20,24.7,-77.7667,75.2,69,75,12.66
331,Tymovskoye,RU,2021-01-31 21:25:20,50.8456,142.655,-16.33,83,9,2.13
332,Pisco,PE,2021-01-31 21:24:22,-13.7,-76.2167,75.2,60,0,19.57
333,Raudeberg,NO,2021-01-31 21:24:24,61.9875,5.1352,30.0,94,99,5.37
334,New Norfolk,AU,2021-01-31 21:23:30,-42.7826,147.0587,62.01,60,4,1.01
335,Kalmunai,LK,2021-01-31 21:25:21,7.4167,81.8167,76.06,87,9,3.85
336,Lekoni,GA,2021-01-31 21:25:21,-1.5843,14.2591,79.18,64,41,1.86
337,Terrasini,IT,2021-01-31 21:25:21,38.146,13.0844,59.0,72,75,31.07
338,Marathon,US,2021-01-31 21:25:21,44.9,-89.7668,32.0,69,90,8.05
339,Dahanu,IN,2021-01-31 21:25:21,19.9667,72.7333,71.1,48,4,6.29
340,Balabac,PH,2021-01-31 21:25:21,7.9868,117.0645,80.2,78,100,18.03
341,Severo-Kurilsk,RU,2021-01-31 21:25:22,50.6789,156.125,22.69,92,88,41.79
342,Goure,NE,2021-01-31 21:25:22,13.9835,10.2704,73.0,15,0,5.01
343,Jardim,BR,2021-01-31 21:25:22,-21.4803,-56.1381,84.07,74,81,4.72
344,High Level,CA,2021-01-31 21:25:22,58.5169,-117.136,-2.2,78,90,11.5
345,Pocoes,BR,2021-01-31 21:25:22,-14.5297,-40.3653,69.91,88,31,8.19
346,Rocha,UY,2021-01-31 21:23:53,-34.4833,-54.3333,68.83,71,80,13.44
347,Geraldton,AU,2021-01-31 21:25:22,-28.7667,114.6,82.4,23,0,5.75
348,Torbay,CA,2021-01-31 21:23:21,47.6666,-52.7314,32.0,93,90,19.57
349,Lompoc,US,2021-01-31 21:25:08,34.6391,-120.4579,66.0,42,1,1.97
350,Ekhabi,RU,2021-01-31 21:25:23,53.5102,142.9671,-15.86,81,0,19.98
351,Talnakh,RU,2021-01-31 21:25:23,69.4865,88.3972,-22.72,74,91,9.53
352,Safranbolu,TR,2021-01-31 21:25:23,41.2508,32.6942,37.2,80,82,4.14
353,Gabu,GW,2021-01-31 21:25:23,12.2833,-14.2167,83.08,13,66,4.99
354,Coracao De Jesus,BR,2021-01-31 21:25:23,-16.6853,-44.365,77.94,68,77,1.95
355,Mitu,CO,2021-01-31 21:25:23,1.1983,-70.1733,84.9,74,100,0.96
356,Locri,IT,2021-01-31 21:25:24,38.2414,16.2623,53.01,97,4,6.78
357,Samandag,TR,2021-01-31 21:25:24,36.0842,35.9771,48.2,81,40,9.22
358,Waipawa,NZ,2021-01-31 21:25:24,-41.4122,175.5153,64.4,72,20,13.8
359,Te Anau,NZ,2021-01-31 21:25:24,-45.4167,167.7167,58.87,73,99,0.83
360,Arlit,NE,2021-01-31 21:25:24,18.7369,7.3853,67.21,20,33,6.6
361,Palau,PW,2021-01-31 21:25:24,7.503,134.621,78.8,89,75,6.91
362,Litovko,RU,2021-01-31 21:25:24,49.2361,135.1742,-12.28,86,100,0.87
363,Quzhou,CN,2021-01-31 21:23:59,28.9594,118.8686,55.56,83,90,1.5
364,Narok,KE,2021-01-31 21:24:22,-1.0783,35.8601,56.1,54,57,3.8
365,Collierville,US,2021-01-31 21:25:25,35.042,-89.6645,42.8,75,90,16.11
366,Presidencia Roque Saenz Pena,AR,2021-01-31 21:25:25,-26.7852,-60.4388,82.0,69,5,3.0
367,Avera,US,2021-01-31 21:25:25,33.194,-82.5271,51.8,97,90,4.61
368,Yumen,CN,2021-01-31 21:25:26,40.2833,97.2,19.67,68,0,2.35
369,Jati,PK,2021-01-31 21:24:10,24.3539,68.2671,62.37,87,0,8.34
370,Komsomolskiy,UZ,2021-01-31 21:25:26,40.4272,71.7189,39.2,56,100,4.61
371,Yazman,PK,2021-01-31 21:25:26,29.1212,71.7446,59.22,27,0,8.7
372,Verkh-Usugli,RU,2021-01-31 21:25:26,52.7,115.1667,-22.32,83,91,3.31
373,Bajil,YE,2021-01-31 21:25:26,15.0584,43.2851,72.93,75,0,2.39
374,Rincon,US,2021-01-31 21:25:26,32.296,-81.2354,62.6,88,90,11.5
375,Sao Jose Da Laje,BR,2021-01-31 21:23:48,-9.0097,-36.0583,78.8,83,40,9.22
376,Bourail,NC,2021-01-31 21:25:27,-21.5667,165.4833,76.41,70,100,5.03
377,Khash,IR,2021-01-31 21:25:27,28.2211,61.2158,47.08,53,0,3.8
378,Ostrovnoy,RU,2021-01-31 21:25:27,68.0531,39.5131,13.39,94,84,6.93
379,Flinders,AU,2021-01-31 21:25:27,-34.5833,150.8552,70.0,88,89,1.01
380,Prince Rupert,CA,2021-01-31 21:25:27,54.3161,-130.3201,42.8,81,90,4.61
381,Sandy Bay,AU,2021-01-31 21:25:28,-42.913,147.3532,62.6,67,0,8.05
382,Yar-Sale,RU,2021-01-31 21:25:28,66.8333,70.8333,-9.35,90,97,7.2
383,Atambua,ID,2021-01-31 21:25:28,-9.1061,124.8925,74.26,93,100,6.02
384,Kita,ML,2021-01-31 21:25:28,13.0349,-9.4895,75.74,16,18,4.92
385,Rio Gallegos,AR,2021-01-31 21:21:26,-51.6226,-69.2181,75.2,20,0,19.57
386,Vung Tau,VN,2021-01-31 21:25:28,10.346,107.0843,74.44,82,99,13.13
387,Souillac,MU,2021-01-31 21:21:20,-20.5167,57.5167,80.6,74,40,14.97
388,Mchinji,MW,2021-01-31 21:25:28,-13.7984,32.8802,66.36,97,100,3.6
389,Batagay,RU,2021-01-31 21:25:29,67.6333,134.6333,-49.61,76,94,0.78
390,Vila Velha,BR,2021-01-31 21:25:29,-20.3297,-40.2925,82.4,74,40,19.57
391,Bowen,AU,2021-01-31 21:23:32,-20.0167,148.2333,75.2,88,90,5.75
392,Alice Springs,AU,2021-01-31 21:23:52,-23.7,133.8833,84.2,32,40,5.75
393,Kumo,NG,2021-01-31 21:25:29,10.0447,11.2122,76.35,19,0,5.95
394,Mangaratiba,BR,2021-01-31 21:25:29,-22.9597,-44.0406,84.2,61,0,8.05
395,Aden,YE,2021-01-31 21:25:29,12.7794,45.0367,74.88,77,23,12.15
396,Yerbogachen,RU,2021-01-31 21:25:29,61.2767,108.0108,-35.32,79,96,5.35
397,Antigonish,CA,2021-01-31 21:25:30,45.6169,-61.9986,30.0,91,99,3.0
398,Pochutla,MX,2021-01-31 21:25:30,15.7432,-96.4661,89.01,51,1,9.22
399,San Ignacio,BZ,2021-01-31 21:25:30,17.1561,-89.0714,84.2,70,40,6.91
400,Vardo,NO,2021-01-31 21:25:22,70.3705,31.1107,26.6,74,75,12.66
401,Mount Gambier,AU,2021-01-31 21:25:30,-37.8333,140.7667,53.6,94,99,1.14
402,Husavik,IS,2021-01-31 21:25:30,66.0449,-17.3389,-5.8,84,0,3.44
403,Naze,JP,2021-01-31 21:25:30,28.3667,129.4833,59.14,66,5,10.65
404,San Juan Del Cesar,CO,2021-01-31 21:25:30,10.7711,-73.0031,90.82,43,16,10.38
405,Camopi,GF,2021-01-31 21:25:31,3.1655,-52.3158,74.88,96,100,4.41
406,Otane,NZ,2021-01-31 21:25:31,-39.8833,176.6333,65.26,50,28,5.19
407,Half Moon Bay,US,2021-01-31 21:22:39,37.4636,-122.4286,64.0,58,75,9.19
408,Ankazoabo,MG,2021-01-31 21:25:31,-22.2833,44.5167,73.06,89,2,5.17
409,Marshall,US,2021-01-31 21:25:31,34.3834,-86.3333,60.8,67,40,14.97
410,Mandalgovi,MN,2021-01-31 21:21:31,45.7625,106.2708,-12.5,80,0,20.69
411,Ulladulla,AU,2021-01-31 21:25:32,-35.35,150.4667,66.2,100,75,0.47
412,Ozernovskiy,RU,2021-01-31 21:25:32,51.5,156.5167,7.88,94,100,17.25
413,Arklow,IE,2021-01-31 21:25:32,52.7931,-6.1414,36.0,97,100,14.72
414,Pervomayskoye,RU,2021-01-31 21:25:32,43.919,46.7102,39.31,91,23,3.38
415,Raga,SS,2021-01-31 21:25:13,8.4596,25.678,71.42,22,0,4.5
416,Inta,RU,2021-01-31 21:25:32,66.0317,60.1659,12.43,91,98,9.53
417,Kemijarvi,FI,2021-01-31 21:25:32,66.7131,27.4306,9.81,95,89,5.19
418,Grootfontein,NA,2021-01-31 21:25:32,-19.5667,18.1167,66.2,94,100,1.14
419,San Andres,CO,2021-01-31 21:25:33,12.5847,-81.7006,84.2,70,20,13.8
420,Arcata,US,2021-01-31 21:25:33,40.8665,-124.0828,55.0,82,90,17.27
421,Adrian,US,2021-01-31 21:25:33,41.8975,-84.0372,28.99,74,90,18.41
422,Leh,IN,2021-01-31 21:25:33,34.1667,77.5833,7.97,63,99,1.07
423,Ladario,BR,2021-01-31 21:25:34,-19.0047,-57.6017,86.0,74,40,6.91
424,Plettenberg Bay,ZA,2021-01-31 21:25:34,-34.0527,23.3716,69.03,81,63,15.14
425,Inuvik,CA,2021-01-31 21:25:34,68.3499,-133.7218,-20.2,69,100,4.61
426,Belgrade,RS,2021-01-31 21:25:34,44.804,20.4651,39.99,100,75,6.91
427,Walvis Bay,NA,2021-01-31 21:25:34,-22.9575,14.5053,68.0,77,0,8.05
428,Sitka,US,2021-01-31 21:25:35,57.0531,-135.33,39.2,60,40,10.36
429,Shitanjing,CN,2021-01-31 21:25:35,39.2342,106.3439,20.79,79,0,10.51
430,Chernyshevskiy,RU,2021-01-31 21:25:35,63.0128,112.4714,-36.2,84,84,1.81
431,Fort Nelson,CA,2021-01-31 21:25:35,58.8053,-122.7002,-11.2,77,75,2.3
432,Aldan,RU,2021-01-31 21:25:35,58.6031,125.3894,-47.15,78,100,2.86
433,Inyonga,TZ,2021-01-31 21:25:35,-6.7167,32.0667,67.23,92,100,3.44
434,Meulaboh,ID,2021-01-31 21:25:35,4.1363,96.1285,75.51,87,73,4.07
435,Fairbanks,US,2021-01-31 21:25:25,64.8378,-147.7164,-4.0,77,90,0.6
436,Izazi,TZ,2021-01-31 21:25:36,-7.2,35.7333,71.35,78,100,1.14
437,Aksarka,RU,2021-01-31 21:25:36,66.5606,67.7975,-17.28,88,94,7.25
438,Labuhan,ID,2021-01-31 21:25:36,-6.8844,112.2051,77.65,83,100,10.33
439,Kailua,US,2021-01-31 21:25:36,21.4022,-157.7394,78.8,69,20,12.66
440,Solnechnyy,RU,2021-01-31 21:25:36,50.7214,136.6319,-20.45,84,26,0.74
441,Stranraer,GB,2021-01-31 21:25:36,54.9023,-5.0273,37.99,75,75,9.22
442,Quime,BO,2021-01-31 21:25:36,-16.9833,-67.2167,60.46,65,90,6.69
443,Luqiao,CN,2021-01-31 21:25:37,28.5808,121.3772,59.0,94,97,1.01
444,Shenzhen,CN,2021-01-31 21:25:37,22.5455,114.0683,64.0,93,3,4.32
445,Cessnock,AU,2021-01-31 21:25:37,-32.8333,151.35,72.0,98,52,2.44
446,Omsukchan,RU,2021-01-31 21:25:37,62.5333,155.8,-37.88,77,100,7.31
447,Domoni,KM,2021-01-31 21:25:37,-12.2569,44.5319,79.63,77,99,4.56
448,Galveston,US,2021-01-31 21:25:37,29.3669,-94.9669,69.8,32,1,20.71
449,Macia,MZ,2021-01-31 21:25:37,-25.0269,33.0989,77.5,83,99,7.65
450,Quatre Cocos,MU,2021-01-31 21:25:38,-20.2078,57.7625,81.0,74,40,14.97
451,Asau,RO,2021-01-31 21:25:38,46.4333,26.4,30.0,71,100,3.18
452,Lower Burrell,US,2021-01-31 21:24:59,40.5531,-79.7573,33.01,95,100,3.0
453,Kaeo,NZ,2021-01-31 21:23:28,-35.1,173.7833,73.0,56,0,5.01
454,Kruisfontein,ZA,2021-01-31 21:25:38,-34.0033,24.7314,72.0,78,51,11.99
455,Vila Franca Do Campo,PT,2021-01-31 21:25:38,37.7167,-25.4333,63.0,94,75,14.97
456,Cayenne,GF,2021-01-31 21:25:39,4.9333,-52.3333,80.6,78,75,12.66
457,Digras,IN,2021-01-31 21:25:39,20.1167,77.7167,63.12,33,0,3.85
458,Orlik,RU,2021-01-31 21:25:39,52.5178,99.825,-27.69,72,0,2.3
459,Jiuquan,CN,2021-01-31 21:25:39,39.7432,98.5174,20.44,72,0,1.63
460,Panaci,RO,2021-01-31 21:24:13,47.2667,25.3833,24.01,83,100,7.0
461,Chunskiy,RU,2021-01-31 21:25:39,56.0815,99.6342,-37.17,80,0,2.01
462,Ancud,CL,2021-01-31 21:23:41,-41.8697,-73.8203,68.0,56,0,6.91
463,Moindou,NC,2021-01-31 21:25:40,-21.6924,165.677,78.8,73,0,4.61
464,Mozarlandia,BR,2021-01-31 21:25:40,-14.7447,-50.5706,86.68,64,33,0.47
465,Naryan-Mar,RU,2021-01-31 21:25:40,67.6713,53.087,5.85,95,90,8.61
466,Cabano,PH,2021-01-31 21:25:40,10.5869,122.7002,77.32,81,96,19.95
467,Daugavpils,LV,2021-01-31 21:25:40,55.8833,26.5333,25.11,97,57,8.84
468,Lulea,SE,2021-01-31 21:25:40,65.5842,22.1547,15.8,92,90,5.75
469,Kidal,ML,2021-01-31 21:25:41,18.4411,1.4078,66.69,19,0,7.2
470,Blackwater,AU,2021-01-31 21:25:41,-23.5833,148.8833,73.44,73,0,8.23
471,Abashiri,JP,2021-01-31 21:25:41,44.0213,144.2697,11.37,92,42,7.72
472,Digha,IN,2021-01-31 21:25:41,21.6833,87.55,58.75,35,2,8.63
473,Lang Suan,TH,2021-01-31 21:25:41,9.9456,99.0785,73.31,82,28,1.36
474,Banjarmasin,ID,2021-01-31 21:25:41,-3.3244,114.591,75.2,100,75,1.28
475,Vila,PT,2021-01-31 21:25:41,42.0304,-8.1588,51.01,95,100,20.0
476,Kesan,TR,2021-01-31 21:25:42,40.8558,26.6303,54.0,36,100,10.29
477,North Battleford,CA,2021-01-31 21:25:42,52.7834,-108.2847,8.6,92,1,16.11
478,Surgut,RU,2021-01-31 21:24:50,61.25,73.4167,6.8,92,75,2.24
479,Jos,NG,2021-01-31 21:25:42,9.9167,8.9,68.0,32,15,6.91
480,Binzhou,CN,2021-01-31 21:25:42,37.3667,118.0167,43.0,39,4,4.0
481,Saryg-Sep,RU,2021-01-31 21:25:42,51.5,95.6,-14.06,85,2,3.38
482,Axim,GH,2021-01-31 21:25:42,4.8699,-2.2405,79.66,86,8,9.82
483,Mahibadhoo,MV,2021-01-31 21:25:43,3.7833,72.9667,81.63,78,92,12.26
484,Northam,GB,2021-01-31 21:25:43,51.0333,-4.2167,39.99,93,100,1.01
485,Katherine,AU,2021-01-31 21:25:43,-14.4667,132.2667,77.0,88,75,4.61
486,Soderhamn,SE,2021-01-31 21:25:43,61.3037,17.0592,15.01,83,100,4.0
487,Bombay,IN,2021-01-31 21:22:10,19.0144,72.8479,75.2,60,0,5.95
488,Aripuana,BR,2021-01-31 21:25:43,-9.1667,-60.6333,87.62,68,54,1.23
489,Prachuap Khiri Khan,TH,2021-01-31 21:25:43,12.2167,99.75,67.08,65,0,2.33
490,Andilamena,MG,2021-01-31 21:25:44,-17.0167,48.5833,66.63,96,41,4.23
491,Prado,BR,2021-01-31 21:25:13,-17.3411,-39.2208,77.86,80,50,8.41
492,Consett,GB,2021-01-31 21:25:44,54.854,-1.8316,30.99,91,100,5.06
493,Hasaki,JP,2021-01-31 21:23:29,35.7333,140.8333,35.6,60,75,5.75
494,Sidney,AU,2021-01-31 21:25:03,-33.8679,151.2073,72.0,83,75,8.05
495,Kununurra,AU,2021-01-31 21:25:23,-15.7667,128.7333,77.0,86,40,2.3
496,Pringsewu,ID,2021-01-31 21:25:44,-5.3582,104.9744,73.04,93,99,1.1
497,Ginir,ET,2021-01-31 21:25:44,7.1333,40.7,57.11,36,0,4.34
498,Albion,US,2021-01-31 21:25:45,42.2431,-84.753,28.4,86,90,4.61
499,Zhuhai,CN,2021-01-31 21:25:45,22.2769,113.5678,64.4,82,20,8.05
500,Kutum,SD,2021-01-31 21:25:45,14.2,24.6667,59.85,29,0,7.05
501,Kemlya,RU,2021-01-31 21:25:45,54.6963,45.2424,24.03,95,95,16.93
502,Balikpapan,ID,2021-01-31 21:25:45,-1.2675,116.8289,73.76,91,100,5.95
503,Cairns,AU,2021-01-31 21:25:17,-16.9167,145.7667,78.8,78,50,8.05
504,Figeac,FR,2021-01-31 21:25:45,44.75,1.9167,48.0,96,100,5.01
505,Pokhara,NP,2021-01-31 21:25:46,28.2333,83.9833,47.7,50,0,3.89
506,La Merced,CO,2021-01-31 21:25:46,5.4019,-75.8847,84.2,48,20,8.05
507,Kitimat,CA,2021-01-31 21:25:46,54.0524,-128.6534,28.99,90,100,3.87
508,Washington,US,2021-01-31 21:25:40,47.5001,-120.5015,41.0,83,100,3.04
509,Les Cayes,HT,2021-01-31 21:25:46,18.2,-73.75,80.19,65,6,7.47
510,San Quintin,MX,2021-01-31 21:25:46,30.4833,-115.95,63.1,50,92,4.88
511,Walker,US,2021-01-31 21:25:46,30.7335,-95.5669,64.99,42,1,12.66
512,Blagoyevo,RU,2021-01-31 21:25:46,63.3667,47.9167,24.3,98,100,8.01
513,Almaznyy,RU,2021-01-31 21:25:47,48.0448,40.045,37.4,100,75,2.24
514,Boyabat,TR,2021-01-31 21:25:47,41.4689,34.7667,41.36,76,76,1.36
515,Roma,US,2021-01-31 21:24:04,43.2128,-75.4557,21.2,53,1,9.22
516,Huarmey,PE,2021-01-31 21:24:22,-10.0681,-78.1522,76.32,65,12,13.51
517,Lamar,US,2021-01-31 21:25:47,33.6668,-95.5836,54.0,47,1,18.41
518,Jinka,ET,2021-01-31 21:25:47,5.65,36.65,68.67,31,0,0.98
519,Thinadhoo,MV,2021-01-31 21:25:47,0.5333,72.9333,81.7,80,100,12.88
520,Saint-Pierre-Des-Corps,FR,2021-01-31 21:25:47,47.3833,0.7333,51.8,87,75,13.8
521,Ikwiriri,TZ,2021-01-31 21:25:48,-7.9562,38.9716,73.2,94,100,2.64
522,Dubbo,AU,2021-01-31 21:23:47,-32.25,148.6167,71.6,78,0,13.8
523,Hobyo,SO,2021-01-31 21:25:48,5.3505,48.5268,75.61,74,0,15.17
524,Giyani,ZA,2021-01-31 21:25:48,-23.3025,30.7187,76.84,73,100,3.78
525,Tuatapere,NZ,2021-01-31 21:23:45,-46.1333,167.6833,62.83,64,8,2.33
526,Taltal,CL,2021-01-31 21:25:48,-25.4,-70.4833,72.39,63,22,7.38
527,Kindu,CD,2021-01-31 21:25:48,-2.95,25.95,72.03,88,91,2.01
528,Karachi,PK,2021-01-31 21:25:49,24.9056,67.0822,64.4,88,0,9.37
529,Batagay-Alyta,RU,2021-01-31 21:25:49,67.8006,130.4114,-34.78,82,100,2.06
530,Margate,GB,2021-01-31 21:25:49,51.3813,1.3862,39.99,90,100,1.99
531,Linfen,CN,2021-01-31 21:25:49,36.0889,111.5189,37.72,61,1,2.21
532,Kloulklubed,PW,2021-01-31 21:24:12,7.0419,134.2556,78.8,89,75,6.91
533,Kuala Terengganu,MY,2021-01-31 21:25:30,5.3302,103.1408,78.8,83,40,5.75
534,Angoram,PG,2021-01-31 21:23:11,-4.0625,144.0661,73.63,98,100,2.46
535,Nome,US,2021-01-31 21:25:50,64.5011,-165.4064,-2.0,55,75,3.44
536,Port Antonio,JM,2021-01-31 21:25:50,18.18,-76.4612,84.99,65,20,21.85
537,Whitehorse,CA,2021-01-31 21:25:50,60.7161,-135.0538,-7.6,77,90,2.3
538,Lichinga,MZ,2021-01-31 21:25:50,-13.3128,35.2406,64.6,99,100,5.64
539,Recke,DE,2021-01-31 21:25:51,52.3833,7.7167,32.0,74,0,5.75
540,Graciano Sanchez,MX,2021-01-31 21:21:12,23.9167,-99.2833,82.4,26,75,23.02
541,Cedar Lake,US,2021-01-31 21:25:51,41.3648,-87.4411,32.0,93,90,13.8
542,Porto Alegre,BR,2021-01-31 21:22:25,-30.0331,-51.23,84.2,65,90,9.22
543,Mabaruma,GY,2021-01-31 21:25:51,8.2,-59.7833,79.81,72,48,8.68
544,San Jose,US,2021-01-31 21:24:38,37.3394,-121.895,66.0,29,75,8.05
545,Mayuge,UG,2021-01-31 21:25:52,0.4597,33.4803,68.02,82,100,2.39
546,Beringovskiy,RU,2021-01-31 21:25:52,63.05,179.3167,11.79,96,100,27.34
547,Inhambane,MZ,2021-01-31 21:21:14,-23.865,35.3833,80.37,85,3,7.47
548,Kristianstad,SE,2021-01-31 21:25:52,56.0313,14.1524,21.99,100,0,3.44
549,Hingoli,IN,2021-01-31 21:25:52,19.7167,77.15,65.28,35,0,7.65
550,Port Arthur,CN,2021-01-31 21:25:52,38.8,121.2667,28.4,100,40,2.24
551,Fuerte Olimpo,PY,2021-01-31 21:24:12,-21.0415,-57.8738,91.4,54,76,7.81
552,Bonavista,CA,2021-01-31 21:25:53,48.6499,-53.1147,32.0,100,100,8.05
553,Maniitsoq,GL,2021-01-31 21:25:53,65.4167,-52.9,13.37,73,18,3.56
554,Rosario Oeste,BR,2021-01-31 21:25:53,-14.8361,-56.4275,82.99,77,65,1.03
555,Kuvshinovo,RU,2021-01-31 21:25:53,57.0295,34.1725,20.73,97,99,7.29
556,Chimbote,PE,2021-01-31 21:25:53,-9.0853,-78.5783,75.7,67,8,12.66
557,Middelburg,ZA,2021-01-31 21:25:53,-25.7751,29.4648,66.02,93,99,7.4
558,Strezhevoy,RU,2021-01-31 21:25:53,60.7333,77.5889,-2.2,78,90,4.47
559,Tommot,RU,2021-01-31 21:25:54,58.9564,126.2925,-39.17,76,100,8.03
560,Yushu,CN,2021-01-31 21:25:02,44.8,126.5333,7.41,96,100,11.86
561,Sohag,EG,2021-01-31 21:25:54,26.557,31.6948,57.2,58,0,11.5
562,Sao Filipe,CV,2021-01-31 21:23:37,14.8961,-24.4956,72.97,71,0,7.2
563,Areosa,PT,2021-01-31 21:25:54,41.7178,-8.8571,57.2,94,90,5.75
564,Zhezkazgan,KZ,2021-01-31 21:25:54,47.8043,67.7144,17.47,94,28,1.28
565,Bandrele,YT,2021-01-31 21:25:54,-12.9067,45.1914,80.6,83,0,3.44
566,Baturaja,ID,2021-01-31 21:25:55,-4.1333,104.1667,72.19,90,99,2.86
