City_ID,City,Lat,Lng,Max Temp,Humidity,Cloudiness,Wind Speed,Country,Weather Description,Date
0,Bestobe,52.4994,73.0975,7.63,95,100,8.25,KZ,overcast clouds,2021-01-31 23:53:49
1,Mar Del Plata,-38.0023,-57.5575,64.4,68,75,12.66,AR,broken clouds,2021-01-31 23:41:30
2,Ushuaia,-54.8,-68.3,53.6,62,90,8.05,AR,overcast clouds,2021-01-31 23:43:56
3,Hobart,-42.8794,147.3294,75.0,56,75,11.5,AU,broken clouds,2021-01-31 23:44:09
4,Kapaa,22.0752,-159.319,77.0,69,40,12.66,US,scattered clouds,2021-01-31 23:43:54
5,Georgetown,5.4112,100.3354,78.8,73,20,2.3,MY,few clouds,2021-01-31 23:44:03
6,Beloha,-25.1667,45.05,75.74,83,51,1.97,MG,broken clouds,2021-01-31 23:51:43
7,Zhireken,52.8249,117.3076,-30.82,81,83,2.95,RU,broken clouds,2021-01-31 23:53:50
8,Avarua,-21.2078,-159.775,78.8,89,90,3.44,CK,light rain,2021-01-31 23:44:00
9,Severo-Kurilsk,50.6789,156.125,22.84,91,92,39.55,RU,light snow,2021-01-31 23:43:33
10,Dudinka,69.4058,86.1778,-10.84,90,100,11.23,RU,light snow,2021-01-31 23:53:51
11,Rikitea,-23.1203,-134.9692,79.43,61,25,6.96,PF,scattered clouds,2021-01-31 23:43:55
12,Punta Arenas,-53.15,-70.9167,53.6,66,0,24.16,CL,clear sky,2021-01-31 23:41:03
13,Mantua,45.1667,10.7833,37.4,100,75,3.44,IT,broken clouds,2021-01-31 23:44:05
14,Albany,42.6001,-73.9662,17.01,55,100,2.19,US,overcast clouds,2021-01-31 23:43:58
15,Katsuura,35.1333,140.3,43.0,52,75,12.66,JP,light rain,2021-01-31 23:42:14
16,Lakatoro,-16.0999,167.4164,83.66,64,95,5.28,VU,overcast clouds,2021-01-31 23:53:52
17,Mataura,-46.1927,168.8643,74.59,43,48,1.19,NZ,scattered clouds,2021-01-31 23:43:55
18,Qaanaaq,77.484,-69.3632,-3.71,88,100,2.55,GL,overcast clouds,2021-01-31 23:43:18
19,Souillac,-20.5167,57.5167,80.6,78,75,13.8,MU,broken clouds,2021-01-31 23:44:12
20,Grindavik,63.8424,-22.4338,30.2,74,75,14.97,IS,broken clouds,2021-01-31 23:44:35
21,Tautira,-17.7333,-149.15,86.0,66,40,11.5,PF,light rain,2021-01-31 23:53:52
22,Imeni Babushkina,59.7573,43.1285,20.62,97,100,10.92,RU,snow,2021-01-31 23:53:52
23,Busselton,-33.65,115.3333,68.0,72,0,5.99,AU,clear sky,2021-01-31 23:44:05
24,Bredasdorp,-34.5322,20.0403,63.0,81,99,1.01,ZA,overcast clouds,2021-01-31 23:43:23
25,Erice,38.037,12.5865,59.0,82,40,23.02,IT,scattered clouds,2021-01-31 23:53:53
26,Vaini,-21.2,-175.2,80.6,89,90,10.36,TO,overcast clouds,2021-01-31 23:43:18
27,Yellowknife,62.456,-114.3525,-4.0,84,75,5.75,CA,broken clouds,2021-01-31 23:43:53
28,Thompson,55.7435,-97.8558,10.4,92,40,1.72,CA,scattered clouds,2021-01-31 23:44:03
29,Kars,40.602,43.095,23.0,80,0,5.75,TR,clear sky,2021-01-31 23:53:53
30,Hilo,19.7297,-155.09,78.8,61,40,3.44,US,scattered clouds,2021-01-31 23:43:57
31,Tasiilaq,65.6145,-37.6368,14.0,57,75,2.3,GL,broken clouds,2021-01-31 23:44:14
32,Barrow,71.2906,-156.7887,-18.4,69,75,10.36,US,broken clouds,2021-01-31 23:43:17
33,Cabo San Lucas,22.8909,-109.9124,75.99,64,90,11.5,MX,overcast clouds,2021-01-31 23:41:58
34,Turukhansk,65.8167,87.9833,-11.2,90,100,10.51,RU,overcast clouds,2021-01-31 23:53:54
35,Tual,-5.6667,132.75,81.9,75,100,12.33,ID,overcast clouds,2021-01-31 23:44:22
36,Hermanus,-34.4187,19.2345,63.0,81,93,1.01,ZA,overcast clouds,2021-01-31 23:44:03
37,Torbay,47.6666,-52.7314,32.0,93,90,17.27,CA,light snow,2021-01-31 23:43:27
38,Saint-Joseph,-21.3667,55.6167,80.6,69,0,13.8,RE,clear sky,2021-01-31 23:44:03
39,Kropotkin,45.4375,40.5756,41.16,86,89,5.14,RU,overcast clouds,2021-01-31 23:53:55
40,New Norfolk,-42.7826,147.0587,75.0,48,52,1.01,AU,broken clouds,2021-01-31 23:53:55
41,Makakilo City,21.3469,-158.0858,82.4,47,90,4.61,US,overcast clouds,2021-01-31 23:53:55
42,Iqaluit,63.7506,-68.5145,6.8,78,90,13.8,CA,light snow,2021-01-31 23:43:38
43,Dolores,-36.3132,-57.6792,64.47,68,99,11.88,AR,light rain,2021-01-31 23:44:34
44,Neiafu,-18.65,-173.9833,82.4,83,75,14.97,TO,moderate rain,2021-01-31 23:53:55
45,Kaitangata,-46.2817,169.8464,68.0,63,87,5.99,NZ,overcast clouds,2021-01-31 23:43:18
46,Airai,-8.9266,125.4092,65.64,99,100,3.94,TL,overcast clouds,2021-01-31 23:44:49
47,Chokurdakh,70.6333,147.9167,-20.85,87,87,12.12,RU,overcast clouds,2021-01-31 23:43:34
48,Puerto Ayora,-0.7393,-90.3518,80.01,87,85,5.01,EC,overcast clouds,2021-01-31 23:44:00
49,Kupang,-10.1667,123.5833,80.6,89,75,13.8,ID,broken clouds,2021-01-31 23:44:37
50,Suntar,62.1444,117.6319,-43.19,79,53,2.98,RU,broken clouds,2021-01-31 23:53:56
51,Khatanga,71.9667,102.5,-39.32,80,21,8.1,RU,few clouds,2021-01-31 23:53:56
52,Meulaboh,4.1363,96.1285,74.7,86,63,4.63,ID,broken clouds,2021-01-31 23:53:56
53,Sarkand,45.41,79.9186,33.69,70,99,3.98,KZ,overcast clouds,2021-01-31 23:53:56
54,Leh,34.1667,77.5833,5.72,66,99,0.49,IN,overcast clouds,2021-01-31 23:53:56
55,Castro,-24.7911,-50.0119,64.85,95,100,4.54,BR,overcast clouds,2021-01-31 23:44:10
56,Hithadhoo,-0.6,73.0833,82.33,74,54,9.84,MV,broken clouds,2021-01-31 23:44:17
57,Vostok,46.4856,135.8833,3.72,95,100,3.0,RU,light snow,2021-01-31 23:44:11
58,Chimay,50.0486,4.3171,39.99,93,90,6.91,BE,overcast clouds,2021-01-31 23:53:57
59,Thouars,46.976,-0.2151,51.01,1,100,1.99,FR,overcast clouds,2021-01-31 23:53:58
60,Talara,-4.5772,-81.2719,75.6,74,86,14.76,PE,overcast clouds,2021-01-31 23:53:58
61,Cape Town,-33.9258,18.4232,66.0,77,20,18.41,ZA,few clouds,2021-01-31 23:43:59
62,Orange Cove,36.6244,-119.3137,63.0,42,1,4.61,US,clear sky,2021-01-31 23:53:58
63,Ambon,-3.6954,128.1814,86.0,70,40,3.44,ID,scattered clouds,2021-01-31 23:53:58
64,Caldwell,43.6629,-116.6874,53.6,35,20,21.85,US,few clouds,2021-01-31 23:53:58
65,Pontianak,-0.0333,109.3333,75.2,94,40,1.81,ID,scattered clouds,2021-01-31 23:52:04
66,Esperance,-33.8667,121.9,62.6,82,26,8.05,AU,scattered clouds,2021-01-31 23:44:47
67,Sao Gabriel Da Cachoeira,-0.1303,-67.0892,75.76,94,100,0.72,BR,overcast clouds,2021-01-31 23:49:48
68,Filingue,14.3521,3.3168,70.2,19,77,9.57,NE,broken clouds,2021-01-31 23:53:59
69,Pilar,-9.5972,-35.9567,75.2,94,0,4.61,BR,clear sky,2021-01-31 23:53:59
70,Victoria,22.2855,114.1577,64.0,86,1,1.99,HK,clear sky,2021-01-31 23:49:35
71,Oxelosund,58.6706,17.1015,10.4,92,0,5.75,SE,clear sky,2021-01-31 23:53:59
72,Atambua,-9.1061,124.8925,74.07,92,100,3.96,ID,overcast clouds,2021-01-31 23:44:31
73,Axim,4.8699,-2.2405,79.16,88,27,9.1,GH,scattered clouds,2021-01-31 23:43:46
74,Kununurra,-15.7667,128.7333,82.4,89,40,1.88,AU,scattered clouds,2021-01-31 23:53:59
75,Chapais,49.7834,-74.8492,-4.0,77,1,2.3,CA,clear sky,2021-01-31 23:54:00
76,Port Alfred,-33.5906,26.891,71.01,82,9,7.0,ZA,light rain,2021-01-31 23:43:22
77,Coihaique,-45.5752,-72.0662,75.2,33,0,6.91,CL,clear sky,2021-01-31 23:44:29
78,Soure,-0.7167,-48.5233,79.93,84,55,11.59,BR,broken clouds,2021-01-31 23:54:00
79,Caravelas,-17.7125,-39.2481,76.08,85,77,6.26,BR,broken clouds,2021-01-31 23:44:28
80,Hamilton,39.1834,-84.5333,37.4,93,90,5.75,US,light rain,2021-01-31 23:43:01
81,Brechin,56.7299,-2.6573,33.8,93,40,6.91,GB,light rain,2021-01-31 23:54:00
82,Majene,-3.5403,118.9707,80.04,68,100,3.58,ID,overcast clouds,2021-01-31 23:44:26
83,Mount Pleasant,32.7941,-79.8626,60.01,100,94,13.8,US,moderate rain,2021-01-31 23:54:01
84,Fairbanks,64.8378,-147.7164,-2.2,84,90,1.39,US,overcast clouds,2021-01-31 23:44:17
85,Constitucion,-35.3333,-72.4167,58.95,85,9,10.02,CL,clear sky,2021-01-31 23:40:56
86,Atuona,-9.8,-139.0333,78.89,74,46,16.96,PF,scattered clouds,2021-01-31 23:49:57
87,Bukama,-9.2,25.85,70.05,94,100,2.15,CD,overcast clouds,2021-01-31 23:54:01
88,Bacolod,10.6667,122.95,78.6,78,88,15.55,PH,overcast clouds,2021-01-31 23:51:41
89,Mahebourg,-20.4081,57.7,80.6,78,75,13.8,MU,broken clouds,2021-01-31 23:44:16
90,Inta,66.0317,60.1659,16.16,94,99,10.94,RU,overcast clouds,2021-01-31 23:54:02
91,Lebu,-37.6167,-73.65,57.4,85,2,12.73,CL,clear sky,2021-01-31 23:54:02
92,Muroto,33.2833,134.15,44.6,76,75,9.22,JP,broken clouds,2021-01-31 23:54:02
93,Talnakh,69.4865,88.3972,-18.74,77,94,9.8,RU,overcast clouds,2021-01-31 23:44:18
94,Tiksi,71.6872,128.8694,-27.27,86,100,6.4,RU,overcast clouds,2021-01-31 23:44:44
95,Sivas,39.7916,37.0019,24.8,93,20,14.97,TR,few clouds,2021-01-31 23:52:37
96,Chkalovskoye,44.8392,133.0436,10.54,96,100,5.66,RU,light snow,2021-01-31 23:54:02
97,Bathsheba,13.2167,-59.5167,78.8,69,75,19.57,BB,broken clouds,2021-01-31 23:54:02
98,Kutum,14.2,24.6667,55.72,34,0,3.27,SD,clear sky,2021-01-31 23:49:10
99,Ahipara,-35.1667,173.1667,71.98,51,0,6.62,NZ,clear sky,2021-01-31 23:54:03
100,Tateyama,34.9833,139.8667,45.0,40,88,1.99,JP,overcast clouds,2021-01-31 23:54:03
101,Lesnoy,57.6198,63.0784,12.13,96,25,7.23,RU,scattered clouds,2021-01-31 23:54:03
102,Port Elizabeth,-33.918,25.5701,69.8,78,40,26.46,ZA,light rain,2021-01-31 23:54:03
103,Ottawa,45.4112,-75.6981,5.0,66,20,5.75,CA,few clouds,2021-01-31 23:53:16
104,Namibe,-15.1961,12.1522,73.47,72,96,5.39,AO,overcast clouds,2021-01-31 23:54:03
105,Lorengau,-2.0226,147.2712,83.55,81,98,11.12,PG,overcast clouds,2021-01-31 23:44:15
106,Tlaltenango,19.1667,-98.3333,75.2,15,1,13.8,MX,clear sky,2021-01-31 23:54:04
107,Thyboron,56.6985,8.2124,34.0,70,99,16.42,DK,overcast clouds,2021-01-31 23:54:04
108,Siddapur,14.3333,74.8833,66.42,51,86,6.26,IN,overcast clouds,2021-01-31 23:54:04
109,Guerrero Negro,27.9769,-114.0611,68.5,34,91,9.01,MX,overcast clouds,2021-01-31 23:50:01
110,Tuktoyaktuk,69.4541,-133.0374,-23.8,76,75,3.51,CA,broken clouds,2021-01-31 23:44:10
111,Bambous Virieux,-20.3428,57.7575,80.6,78,75,13.8,MU,light rain,2021-01-31 23:44:26
112,Pangnirtung,66.1451,-65.7125,-4.61,87,100,3.38,CA,overcast clouds,2021-01-31 23:54:04
113,Inuvik,68.3499,-133.7218,-20.2,69,100,4.61,CA,light snow,2021-01-31 23:50:20
114,Atlantic City,39.3643,-74.4229,34.0,93,90,14.97,US,snow,2021-01-31 23:49:49
115,Sao Miguel Do Tapuio,-5.5036,-41.3233,77.0,65,100,3.15,BR,overcast clouds,2021-01-31 23:54:05
116,Narsimhapur,22.95,79.2,48.13,46,0,3.22,IN,clear sky,2021-01-31 23:54:05
117,Umm Bab,25.2142,50.8072,55.99,71,0,3.0,QA,clear sky,2021-01-31 23:54:05
118,Mackay,-21.15,149.2,80.6,78,40,12.66,AU,scattered clouds,2021-01-31 23:54:05
119,Porto Novo,6.4965,2.6036,84.2,84,40,12.66,BJ,scattered clouds,2021-01-31 23:51:06
120,Maputo,-25.9653,32.5892,78.37,83,100,8.68,MZ,overcast clouds,2021-01-31 23:54:05
121,Bethel,41.3712,-73.414,21.99,53,90,4.61,US,overcast clouds,2021-01-31 23:43:27
122,Udachnyy,66.4167,112.4,-41.28,79,98,9.31,RU,overcast clouds,2021-01-31 23:44:21
123,Neka,36.6508,53.299,44.6,70,0,6.91,IR,clear sky,2021-01-31 23:54:06
124,Xinxiang,35.3089,113.8672,42.19,52,83,4.52,CN,broken clouds,2021-01-31 23:53:12
125,Sinaloa,25.0,-107.5,75.0,56,75,9.22,MX,broken clouds,2021-01-31 23:54:06
126,Carnarvon,-24.8667,113.6333,84.2,37,85,11.5,AU,overcast clouds,2021-01-31 23:54:07
127,Faanui,-16.4833,-151.75,81.81,72,75,9.57,PF,light rain,2021-01-31 23:44:13
128,Vao,-22.6667,167.4833,75.97,76,100,24.87,NC,overcast clouds,2021-01-31 23:54:07
129,Dzhankoy,45.7167,34.4,43.77,77,99,7.7,UA,overcast clouds,2021-01-31 23:54:07
130,Avera,33.194,-82.5271,48.2,97,90,3.44,US,moderate rain,2021-01-31 23:50:27
131,Butaritari,3.0707,172.7902,80.96,82,80,13.06,KI,light rain,2021-01-31 23:54:07
132,Quelimane,-17.8786,36.8883,76.93,88,16,5.1,MZ,few clouds,2021-01-31 23:54:07
133,Catuday,16.2923,119.8062,73.02,75,20,9.35,PH,few clouds,2021-01-31 23:54:08
134,Anloga,5.7947,0.8973,81.75,83,12,14.9,GH,few clouds,2021-01-31 23:54:08
135,Banda Aceh,5.5577,95.3222,77.0,80,51,11.21,ID,broken clouds,2021-01-31 23:54:08
136,Acapulco,16.8634,-99.8901,84.2,65,1,12.66,MX,clear sky,2021-01-31 23:44:52
137,Nanakuli,21.3906,-158.1547,82.4,47,90,4.61,US,overcast clouds,2021-01-31 23:54:08
138,Hobyo,5.3505,48.5268,74.35,78,8,15.97,SO,clear sky,2021-01-31 23:44:12
139,Estrela,-28.0611,-50.9383,65.61,99,100,4.16,BR,overcast clouds,2021-01-31 23:54:08
140,Arraial Do Cabo,-22.9661,-42.0278,77.45,80,100,28.5,BR,overcast clouds,2021-01-31 23:44:20
141,Bluff,-46.6,168.3333,60.84,68,69,8.05,NZ,broken clouds,2021-01-31 23:49:47
142,Isangel,-19.55,169.2667,82.4,78,75,9.22,VU,broken clouds,2021-01-31 23:49:25
143,East London,-33.0153,27.9116,72.82,70,19,18.21,ZA,few clouds,2021-01-31 23:54:09
144,Leningradskiy,69.3833,178.4167,-20.85,86,95,10.31,RU,overcast clouds,2021-01-31 23:49:26
145,Norman Wells,65.282,-126.8329,-20.2,69,75,11.5,CA,broken clouds,2021-01-31 23:44:33
146,Jamestown,42.097,-79.2353,28.99,74,90,13.8,US,overcast clouds,2021-01-31 23:54:09
147,Deputatskiy,69.3,139.9,-26.18,88,99,2.39,RU,overcast clouds,2021-01-31 23:45:11
148,Balkanabat,39.5108,54.3671,46.18,66,0,4.36,TM,clear sky,2021-01-31 23:54:09
149,Xiongzhou,25.1167,114.3,58.91,57,42,2.86,CN,scattered clouds,2021-01-31 23:54:09
150,Sargur,11.9833,76.4167,63.54,74,41,5.1,IN,scattered clouds,2021-01-31 23:54:10
151,Cherskiy,68.75,161.3,-14.08,82,96,6.58,RU,overcast clouds,2021-01-31 23:44:15
152,Chilca,-12.5211,-76.7372,77.0,78,0,13.8,PE,clear sky,2021-01-31 23:54:10
153,Easton,40.6884,-75.2207,21.99,86,90,13.8,US,snow,2021-01-31 23:51:36
154,Iwanai,42.9744,140.5089,26.35,92,94,9.4,JP,overcast clouds,2021-01-31 23:54:10
155,Kasongo-Lunda,-6.4667,16.8167,69.17,85,61,1.14,CD,broken clouds,2021-01-31 23:54:10
156,Hadejia,12.4498,10.0444,70.25,21,0,9.35,NG,clear sky,2021-01-31 23:54:10
157,Keffi,8.8486,7.8736,76.1,19,8,4.92,NG,clear sky,2021-01-31 23:54:10
158,Hay River,60.8156,-115.7999,-5.8,77,100,9.22,CA,overcast clouds,2021-01-31 23:53:17
159,Lagoa,39.05,-27.9833,61.5,88,100,17.67,PT,overcast clouds,2021-01-31 23:44:45
160,Bon Accord,53.8335,-113.4187,10.4,78,20,3.44,CA,few clouds,2021-01-31 23:54:11
161,Padang,-0.9492,100.3543,77.5,72,72,4.16,ID,broken clouds,2021-01-31 23:54:11
162,Antofagasta,-23.65,-70.4,68.0,73,40,14.97,CL,scattered clouds,2021-01-31 23:50:10
163,Nanortalik,60.1432,-45.2371,32.32,91,100,6.35,GL,overcast clouds,2021-01-31 23:44:45
164,Natal,-5.795,-35.2094,80.6,78,20,12.66,BR,few clouds,2021-01-31 23:43:09
165,Longyearbyen,78.2186,15.6401,1.4,60,0,17.27,SJ,clear sky,2021-01-31 23:44:15
166,Kruisfontein,-34.0033,24.7314,68.0,81,67,5.99,ZA,light rain,2021-01-31 23:54:12
167,Kodiak,57.79,-152.4072,32.0,51,1,10.36,US,clear sky,2021-01-31 23:54:12
168,Nhulunbuy,-12.2333,136.7667,86.0,74,20,10.36,AU,few clouds,2021-01-31 23:54:12
169,Hami,42.8,93.45,24.28,78,0,6.22,CN,clear sky,2021-01-31 23:54:12
170,Dong Hoi,17.4833,106.6,68.88,90,46,5.26,VN,scattered clouds,2021-01-31 23:54:12
171,Matagami,49.7502,-77.6328,-4.0,92,1,5.75,CA,clear sky,2021-01-31 23:54:13
172,Lompoc,34.6391,-120.4579,62.6,51,1,5.75,US,clear sky,2021-01-31 23:44:17
173,Muisne,0.6,-80.0333,78.46,84,99,4.5,EC,overcast clouds,2021-01-31 23:54:13
174,Tuatapere,-46.1333,167.6833,70.09,52,5,4.18,NZ,clear sky,2021-01-31 23:44:13
175,Marica,-22.9194,-42.8186,89.01,78,0,9.22,BR,clear sky,2021-01-31 23:54:13
176,Rio Grande,-32.035,-52.0986,77.0,88,90,8.05,BR,overcast clouds,2021-01-31 23:50:11
177,Martapura,-3.4167,114.85,75.58,93,100,0.51,ID,moderate rain,2021-01-31 23:52:03
178,Januaria,-15.4833,-44.3667,79.52,58,89,3.11,BR,overcast clouds,2021-01-31 23:44:47
179,Broome,42.2506,-75.833,25.0,79,90,8.05,US,snow,2021-01-31 23:43:56
180,Sao Francisco,-15.9486,-44.8644,76.1,65,19,3.87,BR,few clouds,2021-01-31 23:49:14
181,Am Timan,11.0297,20.2827,73.54,23,1,5.26,TD,clear sky,2021-01-31 23:54:14
182,Thinadhoo,0.5333,72.9333,81.63,80,70,12.01,MV,broken clouds,2021-01-31 23:54:14
183,Salalah,17.0151,54.0924,66.2,68,0,2.3,OM,clear sky,2021-01-31 23:44:43
184,Santa Maria,-29.6842,-53.8069,77.0,83,75,4.61,BR,broken clouds,2021-01-31 23:54:14
185,Gornyy,55.1153,83.9059,-7.02,82,29,5.5,RU,scattered clouds,2021-01-31 23:54:14
186,Gamba,-2.65,10.0,77.99,87,100,1.45,GA,moderate rain,2021-01-31 23:54:14
187,Fukue,32.6881,128.8419,60.8,72,75,20.71,JP,broken clouds,2021-01-31 23:54:14
188,Labuhan,-6.8844,112.2051,78.67,84,100,8.3,ID,overcast clouds,2021-01-31 23:43:43
189,Prieska,-29.6641,22.7474,73.71,35,0,13.22,ZA,clear sky,2021-01-31 23:54:15
190,Bengkulu,-3.8004,102.2655,75.58,80,91,4.23,ID,overcast clouds,2021-01-31 23:54:15
191,Gryfino,53.2524,14.4883,24.01,77,23,1.99,PL,few clouds,2021-01-31 23:54:15
192,Lidkoping,58.5052,13.1577,19.99,92,1,3.44,SE,clear sky,2021-01-31 23:49:24
193,Samarai,-10.6167,150.6667,85.12,68,8,9.78,PG,clear sky,2021-01-31 23:54:15
194,Rio Grande City,26.3798,-98.8203,78.01,24,0,1.99,US,clear sky,2021-01-31 23:54:16
195,Baykit,61.67,96.37,-30.77,77,63,0.58,RU,broken clouds,2021-01-31 23:44:44
196,Nikolskoye,59.7035,30.7861,26.01,93,75,11.18,RU,snow,2021-01-31 23:50:20
197,Kungurtug,50.5994,97.5228,-19.84,77,34,1.57,RU,scattered clouds,2021-01-31 23:49:34
198,Portland,45.5234,-122.6762,54.0,76,90,12.66,US,overcast clouds,2021-01-31 23:44:11
199,Sabang,5.8933,95.3214,80.73,80,68,20.2,ID,broken clouds,2021-01-31 23:50:04
200,Ust-Ilimsk,58.0006,102.6619,-38.74,79,61,2.64,RU,broken clouds,2021-01-31 23:54:16
201,Zhigansk,66.7697,123.3711,-45.08,76,44,2.48,RU,scattered clouds,2021-01-31 23:41:01
202,Kieta,-6.2167,155.6333,86.94,68,97,15.08,PG,light rain,2021-01-31 23:44:47
203,Saint-Philippe,-21.3585,55.7679,80.6,69,0,13.8,RE,light rain,2021-01-31 23:54:17
204,Sarrebourg,48.7333,7.05,39.2,93,75,2.3,FR,light rain,2021-01-31 23:54:17
205,Ust-Kuyga,70.0167,135.6,-37.55,80,91,4.74,RU,overcast clouds,2021-01-31 23:54:17
206,Berdigestyakh,62.0989,126.6992,-41.48,79,100,6.4,RU,overcast clouds,2021-01-31 23:54:17
207,Chanute,37.6792,-95.4572,37.4,70,90,17.27,US,overcast clouds,2021-01-31 23:54:17
208,Nome,64.5011,-165.4064,1.4,55,1,10.36,US,clear sky,2021-01-31 23:53:27
209,Hambantota,6.1241,81.1185,76.28,82,40,12.17,LK,scattered clouds,2021-01-31 23:54:18
210,Kabalo,-6.05,26.9167,70.21,94,100,0.83,CD,light rain,2021-01-31 23:54:18
211,Baker City,44.7749,-117.8344,44.6,49,1,11.5,US,clear sky,2021-01-31 23:54:18
212,Port Hardy,50.6996,-127.4199,44.6,87,75,5.75,CA,light rain,2021-01-31 23:44:19
213,Zhanaozen,43.3,52.8,41.63,84,89,7.07,KZ,overcast clouds,2021-01-31 23:54:18
214,Ostrovnoy,68.0531,39.5131,11.08,94,88,4.43,RU,overcast clouds,2021-01-31 23:54:18
215,Beringovskiy,63.05,179.3167,13.68,96,100,30.56,RU,snow,2021-01-31 23:54:18
216,Lazaro Cardenas,17.9583,-102.2,80.37,69,1,7.67,MX,clear sky,2021-01-31 23:54:19
217,Fallon,39.4735,-118.7774,48.2,57,75,10.36,US,broken clouds,2021-01-31 23:54:19
218,Jining,35.405,116.5814,44.01,1,21,5.23,CN,few clouds,2021-01-31 23:54:19
219,Veraval,20.9,70.3667,68.0,37,0,10.58,IN,clear sky,2021-01-31 23:54:19
220,Tuy Hoa,13.0833,109.3,69.98,87,99,5.82,VN,overcast clouds,2021-01-31 23:54:19
221,Vila Velha,-20.3297,-40.2925,78.8,78,20,16.11,BR,few clouds,2021-01-31 23:54:19
222,Marquetalia,5.2966,-75.055,64.85,77,86,2.46,CO,overcast clouds,2021-01-31 23:54:19
223,Andra,62.5147,65.8878,2.25,94,100,9.64,RU,overcast clouds,2021-01-31 23:54:20
224,Kholmskaya,44.846,38.389,46.99,74,74,6.44,RU,broken clouds,2021-01-31 23:54:20
225,Gallup,35.5281,-108.7426,44.6,39,1,13.8,US,clear sky,2021-01-31 23:51:22
226,Nemuro,43.3236,145.575,6.8,85,20,2.3,JP,few clouds,2021-01-31 23:45:12
227,Lavrentiya,65.5833,-171.0,-6.18,85,100,16.84,RU,overcast clouds,2021-01-31 23:50:38
228,Suhbaatar,50.2314,106.2078,-24.77,78,0,3.06,MN,clear sky,2021-01-31 23:54:20
229,Lhokseumawe,5.1801,97.1507,75.43,86,85,6.17,ID,overcast clouds,2021-01-31 23:54:21
230,Ilhabela,-23.7781,-45.3581,77.61,84,72,1.41,BR,broken clouds,2021-01-31 23:50:17
231,Hammerfest,70.6634,23.6821,26.6,86,75,14.97,NO,light snow,2021-01-31 23:54:21
232,Cayenne,4.9333,-52.3333,78.8,83,75,8.05,GF,broken clouds,2021-01-31 23:42:28
233,Chuy,-33.6971,-53.4616,69.04,91,100,13.51,UY,overcast clouds,2021-01-31 23:54:21
234,Seara,41.1818,-7.8003,55.0,8,77,5.01,PT,broken clouds,2021-01-31 23:54:21
235,Henties Bay,-22.116,14.2845,68.0,84,79,5.06,NA,broken clouds,2021-01-31 23:54:21
236,Mount Gambier,-37.8333,140.7667,59.0,88,100,8.05,AU,light rain,2021-01-31 23:54:21
237,Taltal,-25.4,-70.4833,67.48,76,19,5.12,CL,few clouds,2021-01-31 23:54:22
238,Vila Franca Do Campo,37.7167,-25.4333,62.01,94,75,17.27,PT,broken clouds,2021-01-31 23:54:22
239,Bilma,18.6853,12.9164,57.83,29,5,2.48,NE,clear sky,2021-01-31 23:54:22
240,Newark,40.7357,-74.1724,25.0,80,90,9.22,US,snow,2021-01-31 23:49:22
241,Poronaysk,49.2167,143.1167,-8.66,85,1,2.48,RU,clear sky,2021-01-31 23:54:22
242,Nabire,-3.3667,135.4833,79.09,85,100,4.07,ID,light rain,2021-01-31 23:54:22
243,Dingle,10.9995,122.6711,76.39,85,91,10.92,PH,overcast clouds,2021-01-31 23:44:23
244,Nakhon Thai,17.1006,100.8374,64.4,82,37,3.15,TH,scattered clouds,2021-01-31 23:54:22
245,Portoferraio,42.8115,10.3146,48.0,98,17,4.0,IT,few clouds,2021-01-31 23:54:23
246,Ribeira Grande,38.5167,-28.7,63.12,85,99,28.83,PT,overcast clouds,2021-01-31 23:54:23
247,Kloulklubed,7.0419,134.2556,77.0,88,90,6.91,PW,overcast clouds,2021-01-31 23:54:23
248,Vestmannaeyjar,63.4427,-20.2734,33.06,87,86,16.75,IS,overcast clouds,2021-01-31 23:45:00
249,Shenzhen,22.5455,114.0683,64.0,93,10,4.54,CN,clear sky,2021-01-31 23:50:58
250,Marawi,7.9986,124.2928,73.99,93,100,5.01,PH,overcast clouds,2021-01-31 23:45:10
251,Boffa,10.1667,-14.0333,72.55,80,80,3.29,GN,broken clouds,2021-01-31 23:54:23
252,Aksha,50.2814,113.2867,-20.34,77,20,8.59,RU,few clouds,2021-01-31 23:54:23
253,Najran,17.4924,44.1277,53.6,40,0,2.21,SA,clear sky,2021-01-31 23:54:24
254,Xinyang,32.1228,114.0656,45.43,82,58,4.65,CN,broken clouds,2021-01-31 23:54:24
255,Tommot,58.9564,126.2925,-37.5,77,100,8.72,RU,overcast clouds,2021-01-31 23:54:24
256,Xining,36.6167,101.7667,10.98,64,0,3.13,CN,clear sky,2021-01-31 23:44:57
257,Sioux Lookout,50.1001,-91.917,26.6,100,90,2.3,CA,light snow,2021-01-31 23:54:24
258,Warrnambool,-38.3833,142.4833,64.0,85,77,3.0,AU,broken clouds,2021-01-31 23:54:24
259,Murray Bridge,-35.1167,139.2667,63.0,85,98,4.0,AU,light rain,2021-01-31 23:54:25
260,Miraflores,19.2167,-98.8083,75.2,14,1,13.8,MX,clear sky,2021-01-31 23:54:25
261,Piranhas,-16.4269,-51.8222,76.06,76,93,3.22,BR,overcast clouds,2021-01-31 23:54:25
262,Bograd,54.2344,90.8328,-22.0,76,30,4.34,RU,mist,2021-01-31 23:54:25
263,Mporokoso,-9.3727,30.125,62.98,98,100,4.41,ZM,light rain,2021-01-31 23:51:30
264,Gogrial,8.5332,28.1004,72.48,21,7,6.49,SS,clear sky,2021-01-31 23:54:25
265,Richards Bay,-28.783,32.0377,81.34,71,100,13.69,ZA,overcast clouds,2021-01-31 23:54:25
266,Douentza,14.9951,-2.9517,70.02,20,100,4.76,ML,overcast clouds,2021-01-31 23:54:26
267,Mwene-Ditu,-7.0,23.45,66.31,95,100,3.2,CD,overcast clouds,2021-01-31 23:54:26
268,Gbadolite,4.2833,21.0167,70.56,58,33,1.23,CD,scattered clouds,2021-01-31 23:54:26
269,Arman,59.7,150.1667,-15.43,79,99,14.03,RU,overcast clouds,2021-01-31 23:54:26
270,Kindu,-2.95,25.95,70.27,92,94,2.35,CD,overcast clouds,2021-01-31 23:54:26
271,Gushikawa,26.3544,127.8686,64.4,94,1,5.75,JP,clear sky,2021-01-31 23:54:26
272,San Cristobal,7.7669,-72.225,68.16,69,97,1.3,VE,overcast clouds,2021-01-31 23:54:26
273,Vanimo,-2.6741,141.3028,76.8,89,100,8.03,PG,moderate rain,2021-01-31 23:44:28
274,Waingapu,-9.6567,120.2641,80.91,78,92,13.35,ID,overcast clouds,2021-01-31 23:54:27
275,Kroya,-7.6331,109.2461,77.97,83,99,3.27,ID,overcast clouds,2021-01-31 23:54:27
276,Clyde River,70.4692,-68.5914,-4.0,84,90,13.8,CA,light snow,2021-01-31 23:44:53
277,Tazmalt,36.3868,4.3989,54.45,69,83,7.23,DZ,broken clouds,2021-01-31 23:54:27
278,Pathein,16.7833,94.7333,68.97,65,65,8.5,MM,broken clouds,2021-01-31 23:54:27
279,San Quintin,30.4833,-115.95,62.31,52,80,7.99,MX,broken clouds,2021-01-31 23:44:38
280,Hastings,50.8552,0.5729,39.99,91,100,3.0,GB,overcast clouds,2021-01-31 23:41:32
281,Saskylakh,71.9167,114.0833,-31.27,83,60,7.56,RU,broken clouds,2021-01-31 23:54:27
282,Blejesti,44.3,25.4667,34.0,86,100,1.99,RO,light snow,2021-01-31 23:54:28
283,Komsomolskiy,40.4272,71.7189,39.2,56,100,4.61,UZ,mist,2021-01-31 23:54:28
284,Oktyabrskoye,43.0645,44.7417,24.8,93,48,6.71,RU,scattered clouds,2021-01-31 23:54:28
285,Kabo,7.6994,18.629,74.77,26,0,2.04,CF,clear sky,2021-01-31 23:54:28
286,Aykhal,66.0,111.5,-42.09,78,100,9.69,RU,overcast clouds,2021-01-31 23:54:28
287,Alta Floresta,-9.8756,-56.0861,73.63,91,56,0.69,BR,moderate rain,2021-01-31 23:50:36
288,Smithers,54.7804,-127.1743,28.4,80,75,2.3,CA,broken clouds,2021-01-31 23:40:10
289,Vanavara,60.34,102.2797,-39.93,81,33,4.03,RU,scattered clouds,2021-01-31 23:54:29
290,Saint George,37.1041,-113.5841,57.0,40,1,3.58,US,clear sky,2021-01-31 23:51:24
291,Songea,-10.6833,35.65,65.26,100,100,7.49,TZ,light rain,2021-01-31 23:44:49
292,Tamandare,-8.7597,-35.1047,77.81,81,72,6.53,BR,light rain,2021-01-31 23:54:29
293,Lucea,18.451,-78.1736,78.8,78,20,9.22,JM,few clouds,2021-01-31 23:54:29
294,Cap Malheureux,-19.9842,57.6142,79.0,75,27,5.99,MU,scattered clouds,2021-01-31 23:54:29
295,Verkhnyaya Inta,65.9811,60.3094,16.54,93,100,10.33,RU,overcast clouds,2021-01-31 23:54:29
296,Rawson,-43.3002,-65.1023,71.29,41,22,24.76,AR,few clouds,2021-01-31 23:54:30
297,Shelburne,44.0787,-80.2041,14.0,76,100,11.65,CA,overcast clouds,2021-01-31 23:54:30
298,Chara,56.9064,118.2631,-36.83,73,100,1.79,RU,overcast clouds,2021-01-31 23:44:35
299,Tartagal,-22.5164,-63.8013,73.09,81,84,3.33,AR,broken clouds,2021-01-31 23:54:30
300,Cairns,-16.9167,145.7667,88.0,66,98,10.36,AU,overcast clouds,2021-01-31 23:54:30
301,Myitkyina,25.3833,97.4,54.36,79,0,2.93,MM,clear sky,2021-01-31 23:54:30
302,Kavieng,-2.5744,150.7967,83.39,82,100,15.14,PG,light rain,2021-01-31 23:54:31
303,Basco,20.4487,121.9702,72.19,76,70,18.95,PH,broken clouds,2021-01-31 23:54:31
304,Zvishavane,-20.3267,30.0665,70.21,90,76,2.42,ZW,broken clouds,2021-01-31 23:54:31
305,Lata,40.1629,-8.3327,57.0,93,95,4.0,PT,overcast clouds,2021-01-31 23:54:31
306,Port Macquarie,-31.4333,152.9167,80.01,67,42,1.01,AU,scattered clouds,2021-01-31 23:54:31
307,Geraldton,-28.7667,114.6,87.8,23,0,20.71,AU,clear sky,2021-01-31 23:54:31
308,Sakakah,29.9697,40.2064,48.2,46,0,5.77,SA,clear sky,2021-01-31 23:54:31
309,Ghatsila,22.6,86.4833,48.83,48,0,1.95,IN,clear sky,2021-01-31 23:54:32
310,Provideniya,64.3833,-173.3,3.2,85,90,29.08,RU,snow,2021-01-31 23:54:32
311,Santa Cruz,-17.8,-63.1667,82.4,83,75,6.91,BO,broken clouds,2021-01-31 23:51:08
312,San Patricio,28.017,-97.5169,78.8,18,1,11.5,US,clear sky,2021-01-31 23:44:35
313,Antalaha,-14.9003,50.2788,75.4,85,45,6.49,MG,scattered clouds,2021-01-31 23:44:40
314,Arlit,18.7369,7.3853,64.17,22,20,8.99,NE,few clouds,2021-01-31 23:54:32
315,Gumdag,39.2061,54.5906,45.0,69,3,2.33,TM,clear sky,2021-01-31 23:54:32
316,San Anselmo,37.9747,-122.5616,60.01,51,20,4.61,US,few clouds,2021-01-31 23:54:32
317,Senador Guiomard,-10.1522,-67.7392,82.4,74,20,2.3,BR,few clouds,2021-01-31 23:54:33
318,Redmond,47.674,-122.1215,46.0,93,100,0.74,US,overcast clouds,2021-01-31 23:50:19
319,Salekhard,66.53,66.6019,-18.33,88,100,5.19,RU,overcast clouds,2021-01-31 23:54:33
320,Hovd,48.0056,91.6419,1.15,88,33,2.01,MN,scattered clouds,2021-01-31 23:54:33
321,Conceicao Da Barra,-18.5933,-39.7322,76.89,84,71,7.47,BR,broken clouds,2021-01-31 23:54:33
322,Fortuna,40.5982,-124.1573,55.0,94,75,26.46,US,light rain,2021-01-31 23:44:54
323,Mut,36.6439,33.4389,46.53,67,46,4.59,TR,scattered clouds,2021-01-31 23:54:33
324,Nivala,63.9167,24.9667,12.99,92,100,2.55,FI,light snow,2021-01-31 23:54:33
325,Del Rio,29.3627,-100.8968,75.2,20,1,13.8,US,clear sky,2021-01-31 23:54:34
326,Flinders,-34.5833,150.8552,75.0,78,76,1.99,AU,broken clouds,2021-01-31 23:49:58
327,Hearst,49.6835,-83.6665,5.0,85,97,3.44,CA,overcast clouds,2021-01-31 23:54:34
328,Miranda,3.2499,-76.2281,82.4,54,40,13.8,CO,scattered clouds,2021-01-31 23:54:34
329,Jiujiang,29.7333,115.9833,47.16,93,100,1.88,CN,light rain,2021-01-31 23:54:34
330,Kudahuvadhoo,2.6708,72.8944,81.25,79,14,11.1,MV,few clouds,2021-01-31 23:50:47
331,Kodinsk,58.6881,99.1844,-39.21,79,19,1.86,RU,few clouds,2021-01-31 23:51:23
332,Nouakchott,18.0858,-15.9785,77.0,12,100,6.91,MR,overcast clouds,2021-01-31 23:45:09
333,Rapid Valley,44.0625,-103.1463,48.2,27,1,5.75,US,clear sky,2021-01-31 23:54:35
334,Iralaya,15.0,-83.2333,82.4,85,75,10.36,HN,broken clouds,2021-01-31 23:54:35
335,Ilulissat,69.2167,-51.1,6.8,56,20,6.91,GL,few clouds,2021-01-31 23:54:35
336,Ust-Omchug,61.15,149.6333,-27.44,80,99,10.2,RU,overcast clouds,2021-01-31 23:54:35
337,Boyolangu,-8.1181,111.8935,76.86,86,100,4.99,ID,overcast clouds,2021-01-31 23:45:17
338,Te Anau,-45.4167,167.7167,69.49,52,71,1.32,NZ,broken clouds,2021-01-31 23:54:35
339,Boa Vista,2.8197,-60.6733,86.0,54,20,8.05,BR,few clouds,2021-01-31 23:51:15
340,Necochea,-38.5473,-58.7368,57.99,68,59,10.18,AR,broken clouds,2021-01-31 23:54:35
341,Hauterive,46.0901,3.4459,51.8,66,90,10.36,FR,light intensity drizzle,2021-01-31 23:54:36
342,Amga,60.8953,131.9608,-37.66,80,100,4.21,RU,overcast clouds,2021-01-31 23:54:36
343,Kousseri,12.0769,15.0306,73.4,28,0,6.91,CM,clear sky,2021-01-31 23:54:36
344,Jiayuguan,39.8167,98.3,16.43,73,0,1.97,CN,clear sky,2021-01-31 23:54:36
345,Silopi,37.2497,42.4694,40.84,69,62,4.25,TR,broken clouds,2021-01-31 23:54:36
346,Coahuayana,18.7333,-103.6833,80.6,74,1,5.01,MX,clear sky,2021-01-31 23:50:05
347,Bozova,37.3625,38.5267,37.4,100,75,8.05,TR,mist,2021-01-31 23:54:37
348,Madimba,-10.4,40.3333,77.97,84,87,8.1,TZ,overcast clouds,2021-01-31 23:54:37
349,Oranjemund,-28.55,16.4333,65.37,90,44,10.04,NA,scattered clouds,2021-01-31 23:50:18
350,Honningsvag,70.9821,25.9704,30.58,93,100,15.79,NO,light snow,2021-01-31 23:54:37
351,Coria,39.9879,-6.5377,49.39,93,20,8.86,ES,few clouds,2021-01-31 23:54:37
352,Mehamn,71.0357,27.8492,25.3,93,100,11.54,NO,overcast clouds,2021-01-31 23:54:37
353,Bend,44.0582,-121.3153,48.2,57,40,8.05,US,scattered clouds,2021-01-31 23:51:04
354,Hofn,64.2539,-15.2082,26.17,84,50,8.5,IS,scattered clouds,2021-01-31 23:49:49
355,Dikson,73.5069,80.5464,-26.28,79,67,8.19,RU,broken clouds,2021-01-31 23:54:38
356,Mastic Beach,40.7668,-72.8521,24.01,54,90,3.44,US,overcast clouds,2021-01-31 23:54:38
357,Marsa Matruh,31.3525,27.2453,57.2,62,0,6.91,EG,clear sky,2021-01-31 23:54:38
358,Valparaiso,-33.0393,-71.6273,66.99,88,20,13.8,CL,few clouds,2021-01-31 23:51:56
359,Marienburg,54.0359,19.0266,28.0,87,38,4.0,PL,scattered clouds,2021-01-31 23:54:38
360,Jasper,37.2001,-94.3502,37.99,70,90,11.5,US,overcast clouds,2021-01-31 23:54:38
361,Syracuse,37.0881,15.2792,54.0,87,40,9.22,IT,scattered clouds,2021-01-31 23:45:07
362,Praia,14.9215,-23.5087,71.6,73,0,18.41,CV,clear sky,2021-01-31 23:54:38
363,Yulara,-25.2406,130.9889,86.0,25,75,17.27,AU,broken clouds,2021-01-31 23:54:39
364,Ponta Do Sol,32.6667,-17.1,57.0,75,0,1.99,PT,clear sky,2021-01-31 23:54:39
365,Bandarbeyla,9.4942,50.8122,72.27,72,12,17.78,SO,few clouds,2021-01-31 23:44:39
366,Garowe,8.4054,48.4845,62.1,85,1,8.48,SO,clear sky,2021-01-31 23:50:03
367,Faya,18.3851,42.4509,55.4,43,0,3.06,SA,clear sky,2021-01-31 23:54:39
368,Saldanha,-33.0117,17.9442,65.23,84,83,17.76,ZA,broken clouds,2021-01-31 23:54:39
369,Sitka,57.0531,-135.33,42.8,42,40,3.44,US,scattered clouds,2021-01-31 23:49:41
370,Bonthe,7.5264,-12.505,77.83,85,0,8.37,SL,clear sky,2021-01-31 23:54:40
371,Ndele,8.4109,20.6473,74.07,24,0,5.73,CF,clear sky,2021-01-31 23:54:40
372,Jambi,-1.6,103.6167,73.89,92,100,4.12,ID,overcast clouds,2021-01-31 23:54:40
373,Spencer,43.1414,-95.1444,26.6,80,90,14.97,US,overcast clouds,2021-01-31 23:54:40
374,Pringsewu,-5.3582,104.9744,73.8,90,92,0.98,ID,overcast clouds,2021-01-31 23:54:40
375,Saint-Francois,46.4154,3.9054,48.99,93,75,6.91,FR,broken clouds,2021-01-31 23:54:40
376,Pisco,-13.7,-76.2167,71.6,68,75,17.27,PE,broken clouds,2021-01-31 23:49:52
377,Kisangani,0.5167,25.2,71.67,81,40,2.19,CD,scattered clouds,2021-01-31 23:54:40
378,Nola,40.922,14.5329,48.99,76,84,2.68,IT,broken clouds,2021-01-31 23:54:41
379,Cascais,38.6979,-9.4215,59.0,97,59,13.0,PT,broken clouds,2021-01-31 23:54:41
380,Aksarka,66.5606,67.7975,-15.52,89,96,7.47,RU,overcast clouds,2021-01-31 23:54:41
381,Namatanai,-3.6667,152.4333,85.32,69,100,7.72,PG,overcast clouds,2021-01-31 23:54:41
382,Cidreira,-30.1811,-50.2056,75.47,91,100,10.49,BR,light rain,2021-01-31 23:54:41
383,Bantou,26.2151,117.4893,57.27,65,23,1.03,CN,few clouds,2021-01-31 23:54:41
384,Klaksvik,62.2266,-6.589,23.0,80,20,1.14,FO,light snow,2021-01-31 23:50:43
385,Okoneshnikovo,54.8377,75.0834,2.05,91,98,6.89,RU,overcast clouds,2021-01-31 23:54:42
386,Bam,29.106,58.357,50.05,48,0,2.51,IR,clear sky,2021-01-31 23:54:42
387,Half Moon Bay,37.4636,-122.4286,63.0,67,1,8.05,US,clear sky,2021-01-31 23:45:10
388,Yerbogachen,61.2767,108.0108,-36.42,79,98,5.1,RU,overcast clouds,2021-01-31 23:54:42
389,College,64.8569,-147.8028,-2.2,71,90,1.57,US,light snow,2021-01-31 23:54:42
390,Ivdel,60.6911,60.4206,14.54,97,100,6.6,RU,overcast clouds,2021-01-31 23:54:43
391,Burns Lake,54.2331,-125.7533,28.4,74,100,2.73,CA,overcast clouds,2021-01-31 23:54:43
392,Kon Tum,14.35,108.0,60.6,88,78,2.35,VN,broken clouds,2021-01-31 23:54:43
393,Tobol,52.6844,62.5794,3.15,94,27,1.25,KZ,scattered clouds,2021-01-31 23:54:43
394,Pitimbu,-7.4706,-34.8086,78.8,83,20,6.91,BR,few clouds,2021-01-31 23:54:43
395,Sibolga,1.7427,98.7792,74.19,77,84,5.26,ID,broken clouds,2021-01-31 23:54:43
396,Japura,-0.3167,102.35,73.49,94,97,1.14,ID,overcast clouds,2021-01-31 23:54:43
397,Comodoro Rivadavia,-45.8667,-67.5,71.6,43,0,16.11,AR,light rain,2021-01-31 23:52:41
398,Linxia,35.6003,103.2064,19.92,81,0,0.6,CN,clear sky,2021-01-31 23:51:06
399,Birjand,32.8663,59.2211,32.0,37,0,6.91,IR,clear sky,2021-01-31 23:54:44
400,Kaura Namoda,12.5898,6.5779,70.2,21,1,8.37,NG,clear sky,2021-01-31 23:54:44
401,Alyangula,-13.8483,136.4192,86.0,74,75,6.91,AU,broken clouds,2021-01-31 23:54:44
402,North Bend,43.4065,-124.2243,51.8,93,90,8.05,US,overcast clouds,2021-01-31 23:41:25
403,Port Augusta,-32.5,137.7667,69.8,73,100,20.71,AU,overcast clouds,2021-01-31 23:54:44
404,Nadym,65.5333,72.5167,-8.95,89,80,6.98,RU,broken clouds,2021-01-31 23:54:44
405,Asyut,27.181,31.1837,51.8,66,0,11.5,EG,clear sky,2021-01-31 23:50:10
406,Tierralta,8.1736,-76.0592,79.02,80,72,5.88,CO,broken clouds,2021-01-31 23:54:45
407,Odweyne,9.4092,45.064,64.6,30,0,10.74,SO,clear sky,2021-01-31 23:45:11
408,Sanary-Sur-Mer,43.1178,5.8001,54.0,78,39,1.99,FR,scattered clouds,2021-01-31 23:54:45
409,West Wendover,40.7391,-114.0733,41.0,52,1,4.61,US,clear sky,2021-01-31 23:54:45
410,San Luis,-33.295,-66.3356,57.63,82,93,13.62,AR,overcast clouds,2021-01-31 23:52:43
411,Husavik,66.0449,-17.3389,-5.8,84,0,8.05,IS,clear sky,2021-01-31 23:54:45
412,Kabare,-2.4683,28.8242,61.97,83,100,2.04,CD,light rain,2021-01-31 23:54:45
413,Niigata,37.9022,139.0236,30.2,74,20,4.61,JP,few clouds,2021-01-31 23:54:46
414,Pecos,31.4229,-103.4932,62.6,23,1,4.61,US,clear sky,2021-01-31 23:53:37
415,Mizan Teferi,6.9833,35.5833,65.97,60,0,2.26,ET,clear sky,2021-01-31 23:54:46
416,Jiuquan,39.7432,98.5174,17.71,72,0,2.46,CN,clear sky,2021-01-31 23:54:46
417,Chegdomyn,51.1167,133.0167,-30.82,81,6,1.05,RU,clear sky,2021-01-31 23:54:46
418,Rajanpur,29.1035,70.325,54.27,35,0,9.8,PK,clear sky,2021-01-31 23:54:46
419,Tabou,4.423,-7.3528,78.17,89,33,6.98,CI,scattered clouds,2021-01-31 23:54:47
420,Rio De Janeiro,-22.9028,-43.2075,91.4,78,0,9.22,BR,clear sky,2021-01-31 23:50:59
421,Upernavik,72.7868,-56.1549,2.88,93,100,8.23,GL,overcast clouds,2021-01-31 23:54:47
422,Bonavista,48.6499,-53.1147,30.99,100,100,6.91,CA,light snow,2021-01-31 23:50:18
423,Calabozo,8.9242,-67.4293,84.43,50,100,7.52,VE,overcast clouds,2021-01-31 23:54:47
424,Mana,5.6592,-53.7767,77.63,80,46,13.67,GF,scattered clouds,2021-01-31 23:54:47
425,Bernalillo,35.05,-106.6673,51.8,28,40,3.42,US,scattered clouds,2021-01-31 23:54:47
426,Kaniama,-7.5667,24.1833,66.13,96,100,2.51,CD,overcast clouds,2021-01-31 23:54:47
427,Jacksonville,30.3322,-81.6556,73.4,56,75,19.57,US,light rain,2021-01-31 23:52:36
428,Sechura,-5.5569,-80.8222,79.7,59,8,17.0,PE,clear sky,2021-01-31 23:54:48
429,Roald,62.5833,6.1333,28.99,86,20,6.91,NO,few clouds,2021-01-31 23:54:48
430,Oromocto,45.8351,-66.4792,19.4,58,1,4.61,CA,clear sky,2021-01-31 23:54:48
431,Isla Vista,34.4133,-119.861,66.0,42,1,8.05,US,clear sky,2021-01-31 23:52:44
432,Paamiut,61.994,-49.6678,22.26,90,0,13.85,GL,clear sky,2021-01-31 23:54:49
433,Zlobin,45.2924,14.6541,36.0,84,100,3.0,HR,overcast clouds,2021-01-31 23:54:49
434,Cabedelo,-6.9811,-34.8339,78.8,83,20,6.91,BR,light rain,2021-01-31 23:54:49
435,Riyadh,24.6877,46.7219,57.2,35,0,3.44,SA,clear sky,2021-01-31 23:53:42
436,Lenger,42.183,69.8839,46.4,87,75,8.95,KZ,moderate rain,2021-01-31 23:51:46
437,Urk,52.6625,5.6014,30.99,86,100,3.0,NL,overcast clouds,2021-01-31 23:54:49
438,Caxito,-8.5785,13.6643,80.6,78,40,6.91,AO,scattered clouds,2021-01-31 23:54:49
439,Denpasar,-8.65,115.2167,80.6,83,40,3.44,ID,scattered clouds,2021-01-31 23:54:49
440,Along,28.1667,94.7667,45.57,58,6,1.74,IN,clear sky,2021-01-31 23:54:50
441,Gambo,4.6482,22.2633,69.28,36,51,3.13,CF,broken clouds,2021-01-31 23:54:50
442,Porto Velho,-8.7619,-63.9039,77.0,94,75,0.96,BR,light rain,2021-01-31 23:53:04
443,Bartica,6.4,-58.6167,77.0,88,20,6.91,GY,few clouds,2021-01-31 23:54:50
444,Bay Roberts,47.5999,-53.2648,30.99,93,90,17.27,CA,light snow,2021-01-31 23:54:50
445,Prosperous,53.2903,-6.7539,37.99,93,75,10.36,IE,broken clouds,2021-01-31 23:54:50
446,Valvatna,59.7672,5.4328,28.99,92,63,1.99,NO,broken clouds,2021-01-31 23:54:51
447,Poya,-21.35,165.15,82.42,61,97,8.1,NC,overcast clouds,2021-01-31 23:54:51
448,Totness,5.8833,-56.3167,76.84,80,29,13.85,SR,scattered clouds,2021-01-31 23:54:51
449,Tshikapa,-6.4167,20.8,71.42,92,100,1.21,CD,overcast clouds,2021-01-31 23:50:48
450,Chapleau,47.8405,-83.4034,10.4,61,20,6.91,CA,few clouds,2021-01-31 23:54:51
451,Dargaville,-35.9333,173.8833,72.86,48,0,8.48,NZ,clear sky,2021-01-31 23:54:51
452,Narsaq,60.9167,-46.05,39.2,33,75,16.11,GL,broken clouds,2021-01-31 23:45:08
453,Lasa,46.6166,10.7002,37.0,86,0,2.26,IT,clear sky,2021-01-31 23:54:52
454,Pevek,69.7008,170.3133,-26.68,85,62,1.12,RU,broken clouds,2021-01-31 23:54:52
455,Ust-Nera,64.5667,143.2,-29.13,75,99,7.29,RU,overcast clouds,2021-01-31 23:54:52
456,Zyryanovsk,49.7386,84.2719,3.47,88,99,0.67,KZ,overcast clouds,2021-01-31 23:50:09
457,Tromso,69.6496,18.957,25.0,93,20,4.61,NO,light snow,2021-01-31 23:50:45
458,Lindsay,36.203,-119.0882,63.0,48,1,5.75,US,clear sky,2021-01-31 23:54:52
459,Itacare,-14.2775,-38.9967,80.6,83,75,8.05,BR,broken clouds,2021-01-31 23:54:39
460,Key West,24.5557,-81.7826,73.4,68,1,4.61,US,clear sky,2021-01-31 23:50:42
461,Cap-Aux-Meules,47.3821,-61.8597,30.2,69,99,14.97,CA,overcast clouds,2021-01-31 23:51:02
462,Surgut,61.25,73.4167,6.8,92,75,2.24,RU,light snow,2021-01-31 23:54:53
463,Brigham City,41.5102,-112.0155,39.2,56,1,6.91,US,clear sky,2021-01-31 23:54:53
464,Rovaniemi,66.5,25.7167,6.8,85,96,9.22,FI,light snow,2021-01-31 23:54:53
465,Kenora,49.8167,-94.4337,23.0,86,90,5.75,CA,light snow,2021-01-31 23:54:53
466,Pedernales,18.0384,-71.744,77.97,69,32,8.7,DO,scattered clouds,2021-01-31 23:54:54
467,Katherine,-14.4667,132.2667,82.4,78,75,5.75,AU,broken clouds,2021-01-31 23:54:54
468,Pozo Colorado,-23.4923,-58.7972,79.68,74,89,1.3,PY,overcast clouds,2021-01-31 23:54:54
469,Mercedes,-34.6515,-59.4307,64.99,86,98,1.99,AR,moderate rain,2021-01-31 23:54:54
470,Payyannur,12.1,75.2,74.41,66,15,6.08,IN,few clouds,2021-01-31 23:51:15
471,Luzhou,28.8724,105.4405,47.34,82,6,1.77,CN,clear sky,2021-01-31 23:54:54
472,Katobu,-4.9408,122.5276,80.06,79,100,1.16,ID,overcast clouds,2021-01-31 23:45:08
473,Rantepao,-2.9701,119.8978,72.01,71,100,1.12,ID,overcast clouds,2021-01-31 23:54:19
474,Ludvika,60.1496,15.1878,10.4,92,19,2.3,SE,few clouds,2021-01-31 23:54:55
475,Kargasok,59.0556,80.8572,-13.86,87,96,6.91,RU,overcast clouds,2021-01-31 23:54:55
476,Oneida,43.2001,-75.4663,17.6,53,1,8.05,US,clear sky,2021-01-31 23:51:59
477,Halden,59.1226,11.3871,15.8,92,90,3.44,NO,overcast clouds,2021-01-31 23:54:55
478,West Bay,19.3667,-81.4167,80.6,69,20,11.5,KY,few clouds,2021-01-31 23:54:55
479,Mikhaylovka,50.06,43.2379,30.0,86,100,1.01,RU,overcast clouds,2021-01-31 23:54:55
480,Kongoussi,13.3258,-1.5347,74.68,17,100,8.66,BF,overcast clouds,2021-01-31 23:54:55
481,Dire,12.2833,-10.9667,71.71,19,35,1.5,ML,scattered clouds,2021-01-31 23:54:56
482,Canyon,34.9803,-101.9188,53.01,30,0,1.01,US,clear sky,2021-01-31 23:54:56
483,Kalemie,-5.9475,29.1947,70.12,85,100,6.38,CD,light rain,2021-01-31 23:54:56
484,Horsham,51.064,-0.3272,37.99,100,75,5.75,GB,mist,2021-01-31 23:51:29
485,Mount Isa,-20.7333,139.5,93.2,43,100,8.05,AU,overcast clouds,2021-01-31 23:51:16
486,Sindor,62.8629,51.8905,29.08,98,100,13.35,RU,light snow,2021-01-31 23:54:56
487,Port Lincoln,-34.7333,135.8667,64.76,64,86,17.29,AU,overcast clouds,2021-01-31 23:54:56
488,Vardo,70.3705,31.1107,15.8,86,75,9.22,NO,broken clouds,2021-01-31 23:54:57
489,Palmer,42.1584,-72.3287,19.0,73,75,1.83,US,broken clouds,2021-01-31 23:54:57
490,Hanko,59.8333,22.95,26.01,85,88,11.01,FI,overcast clouds,2021-01-31 23:54:57
491,Naryan-Mar,67.6713,53.087,10.49,95,95,10.87,RU,overcast clouds,2021-01-31 23:54:57
492,Eureka,40.8021,-124.1637,55.99,84,100,8.01,US,overcast clouds,2021-01-31 23:54:55
493,Marystown,47.1666,-55.1483,30.47,92,98,16.35,CA,overcast clouds,2021-01-31 23:54:57
494,Cervo,43.6702,-7.4101,57.99,79,93,10.0,ES,overcast clouds,2021-01-31 23:54:57
495,Shingu,33.7333,135.9833,42.8,70,75,4.61,JP,broken clouds,2021-01-31 23:43:38
496,Urzhum,57.1141,49.9996,28.06,94,100,21.79,RU,light snow,2021-01-31 23:54:58
497,Taoudenni,22.6783,-3.9836,69.24,22,0,8.59,ML,clear sky,2021-01-31 23:44:58
498,Neyveli,11.536,79.4824,68.49,94,39,7.43,IN,scattered clouds,2021-01-31 23:54:58
499,Bouar,5.934,15.596,69.51,25,22,5.41,CF,few clouds,2021-01-31 23:54:58
500,Yeppoon,-23.1333,150.7333,82.4,57,20,9.22,AU,few clouds,2021-01-31 23:54:58
501,Tam Ky,15.5667,108.4833,66.2,94,20,1.14,VN,mist,2021-01-31 23:44:58
502,Deogarh,21.5333,84.7333,49.6,43,0,2.24,IN,clear sky,2021-01-31 23:54:59
503,Florence,43.7667,11.25,43.0,100,40,3.44,IT,scattered clouds,2021-01-31 23:51:24
504,Juneau,58.3019,-134.4197,28.4,86,20,5.66,US,few clouds,2021-01-31 23:54:59
505,Ozernovskiy,51.5,156.5167,12.72,94,100,19.93,RU,snow,2021-01-31 23:54:59
506,Jalu,29.0331,21.5482,61.29,30,0,12.84,LY,clear sky,2021-01-31 23:44:59
507,Havoysund,70.9963,24.6622,26.6,86,75,14.97,NO,light snow,2021-01-31 23:54:59
508,Kaa-Khem,51.6833,94.7333,-11.76,81,80,2.17,RU,broken clouds,2021-01-31 23:54:59
509,Khandyga,62.6667,135.6,-52.67,76,76,0.94,RU,broken clouds,2021-01-31 23:55:00
510,Elk City,35.412,-99.4043,51.8,43,1,6.91,US,clear sky,2021-01-31 23:55:00
511,Jatibonico,21.9419,-79.17,71.22,73,25,0.83,CU,scattered clouds,2021-01-31 23:55:00
512,Kotdwara,29.75,78.5333,51.46,44,0,5.48,IN,clear sky,2021-01-31 23:55:00
513,Kitzingen,49.7333,10.1667,33.01,100,90,4.61,DE,light intensity drizzle,2021-01-31 23:55:00
514,Springfield,37.2153,-93.2982,33.8,75,90,24.16,US,haze,2021-01-31 23:52:53
515,Sao Filipe,14.8961,-24.4956,73.18,70,0,5.23,CV,clear sky,2021-01-31 23:55:00
516,Sai Buri,6.7013,101.6168,76.48,86,77,10.16,TH,broken clouds,2021-01-31 23:55:01
517,Plouzane,48.3833,-4.6167,51.8,93,90,11.5,FR,overcast clouds,2021-01-31 23:55:01
518,Heishan,41.6892,122.1128,8.64,81,16,18.43,CN,few clouds,2021-01-31 23:55:01
519,Getashen,40.044,43.942,32.0,93,75,2.89,AM,mist,2021-01-31 23:55:01
520,Stepnogorsk,52.3544,71.8869,9.1,94,100,9.22,KZ,overcast clouds,2021-01-31 23:55:02
521,Galt,38.2546,-121.3,64.0,42,1,3.44,US,clear sky,2021-01-31 23:55:03
522,Hewitt,31.4624,-97.1958,60.8,38,1,13.8,US,clear sky,2021-01-31 23:55:03
523,Kristiinankaupunki,62.2743,21.376,17.53,96,100,1.57,FI,overcast clouds,2021-01-31 23:55:03
524,Nouadhibou,20.931,-17.0347,66.2,77,0,24.16,MR,clear sky,2021-01-31 23:50:10
525,Nanchang,28.6833,115.8833,49.64,91,100,1.63,CN,light rain,2021-01-31 23:55:03
526,Amravati,20.9333,77.75,59.07,28,1,6.93,IN,clear sky,2021-01-31 23:55:04
527,Port Hawkesbury,45.6169,-61.3485,30.0,86,75,9.22,CA,broken clouds,2021-01-31 23:55:04
528,Buraydah,26.326,43.975,55.4,58,0,4.61,SA,clear sky,2021-01-31 23:55:04
529,The Valley,18.217,-63.0578,78.8,73,40,11.5,AI,scattered clouds,2021-01-31 23:55:04
530,Anadyr,64.75,177.4833,8.6,78,90,53.69,RU,snow,2021-01-31 23:55:04
531,Wad Rawah,15.1603,33.1397,67.82,23,0,10.89,SD,clear sky,2021-01-31 23:55:04
532,Egvekinot,66.3167,-179.1667,-10.84,89,100,19.62,RU,light snow,2021-01-31 23:55:05
533,Ginir,7.1333,40.7,54.23,41,9,4.61,ET,clear sky,2021-01-31 23:55:05
534,Lexington,37.9887,-84.4777,37.99,87,90,14.97,US,mist,2021-01-31 23:50:17
535,Port Blair,11.6667,92.75,78.39,84,35,10.42,IN,scattered clouds,2021-01-31 23:51:25
536,Kumi,36.1136,128.336,41.0,100,90,1.14,KR,overcast clouds,2021-01-31 23:55:05
537,Mnogovershinnyy,53.9353,139.9242,-22.49,83,0,7.25,RU,clear sky,2021-01-31 23:55:05
538,Pascagoula,30.3658,-88.5561,73.4,40,1,9.22,US,clear sky,2021-01-31 23:55:05
539,Shimoda,34.6667,138.95,46.4,71,40,11.5,JP,scattered clouds,2021-01-31 23:55:06
540,Kahului,20.8947,-156.47,78.8,57,20,21.85,US,few clouds,2021-01-31 23:40:38
541,Nyurba,63.2842,118.3319,-44.86,78,78,4.29,RU,broken clouds,2021-01-31 23:55:06
542,Mazatlan,23.2167,-106.4167,75.2,60,75,10.36,MX,broken clouds,2021-01-31 23:52:12
543,Buin,-33.7333,-70.75,73.4,53,75,11.5,CL,broken clouds,2021-01-31 23:55:06
544,Krasnoselkup,65.7,82.4667,-11.58,89,100,11.92,RU,overcast clouds,2021-01-31 23:55:06
545,Mkushi,-13.6202,29.3939,65.12,94,100,7.7,ZM,moderate rain,2021-01-31 23:55:06
546,Middle Island,40.8843,-72.9373,23.0,54,90,3.44,US,overcast clouds,2021-01-31 23:55:07
547,Chadiza,-14.0678,32.4392,67.21,95,100,1.81,ZM,overcast clouds,2021-01-31 23:55:07
548,Bayanday,53.0661,105.5139,-36.29,80,11,2.39,RU,few clouds,2021-01-31 23:55:07
549,Westport,41.1415,-73.3579,24.8,42,90,8.05,US,overcast clouds,2021-01-31 23:55:07
550,Cedar Falls,42.5278,-92.4455,30.99,80,90,17.27,US,overcast clouds,2021-01-31 23:51:18
551,Clonakilty,51.6231,-8.8706,46.4,93,90,10.36,IE,overcast clouds,2021-01-31 23:55:07
552,Lugovskoy,56.9585,64.529,3.2,85,40,4.47,RU,mist,2021-01-31 23:55:07
553,Douglas,41.3,-96.167,30.2,80,90,10.36,US,overcast clouds,2021-01-31 23:54:16
554,Touros,-5.1989,-35.4608,78.8,78,20,8.05,BR,few clouds,2021-01-31 23:51:07
555,Los Llanos De Aridane,28.6585,-17.9182,62.6,82,0,10.36,ES,clear sky,2021-01-31 23:55:08
556,Arua,3.0201,30.9111,70.48,33,62,3.31,UG,broken clouds,2021-01-31 23:55:08
557,Keflavik,64.0049,-22.5624,30.2,74,75,14.97,IS,broken clouds,2021-01-31 23:55:08
558,Florianopolis,-27.6146,-48.5012,77.0,83,40,3.44,BR,scattered clouds,2021-01-31 23:55:08
559,Kondinskoye,59.6481,67.41,5.72,95,87,7.63,RU,overcast clouds,2021-01-31 23:55:08
560,Belaya Gora,68.5333,146.4167,-30.93,84,100,3.04,RU,overcast clouds,2021-01-31 23:55:09
561,Verkhoyansk,67.5447,133.385,-47.88,75,99,0.69,RU,overcast clouds,2021-01-31 23:55:09
562,Hasaki,35.7333,140.8333,37.4,56,75,6.91,JP,light rain,2021-01-31 23:55:09
563,Koulikoro,14.0,-7.75,69.48,19,54,8.86,ML,broken clouds,2021-01-31 23:55:09
564,Mongu,-15.2484,23.1274,67.19,90,100,5.26,ZM,light rain,2021-01-31 23:55:09
565,Metro,-5.1131,105.3067,74.34,90,100,7.07,ID,overcast clouds,2021-01-31 23:55:09
566,Concarneau,47.875,-3.9225,51.8,93,90,17.27,FR,light rain,2021-01-31 23:55:10
